0,2003-12-21
5,2012-08-12
6,2012-03-18
10,2012-03-18
55,2013-06-30
56,2013-05-05
60,2012-09-08
61,2013-05-11
2012,2012-04-15
10203,2015-07-18
10204,2015-07-26
10205,2015-07-26
190001,2021-01-24
190002,2021-01-24
190005,2021-01-31
190006,2021-01-24
190009,2021-01-24
190010,2021-01-24
190011,2021-01-24
190012,2021-01-24
190013,2021-01-24
190014,2021-01-24
190015,2021-01-24
190016,2021-01-24
190017,2021-01-24
190018,2021-01-24
190019,2021-01-24
190020,2021-01-24
190021,2021-01-24
190022,2021-01-24
190024,2021-01-24
190025,2021-01-24
190026,2021-01-24
190027,2021-01-24
190028,2021-01-24
190029,2021-01-24
190030,2021-01-24
190031,2021-02-07
190032,2021-01-31
190033,2021-02-07
199185,2022-08-21
200214,2004-01-31
200264,2004-04-03
200294,2004-02-21
200404,2004-02-20
200494,2004-02-20
200504,2004-02-21
200564,2004-02-22
200584,2004-02-21
200644,2004-02-29
200734,2004-08-07
200744,2004-03-27
200754,2004-05-15
201144,2004-02-21
201154,2004-02-21
201224,2004-02-21
201594,2005-04-02
201624,2004-02-20
201784,2004-04-17
202002,2020-03-14
202003,2019-11-02
202004,2019-10-12
202005,2019-11-02
202006,2019-11-16
202007,2019-11-16
202008,2019-11-16
202009,2019-11-16
202010,2019-11-16
202011,2019-11-16
202012,2019-11-16
202013,2019-11-16
202014,2004-04-24
202015,2019-11-16
202016,2019-11-16
202017,2019-12-08
202018,2020-03-14
202019,2019-11-24
202020,2019-11-24
202021,2019-11-24
202022,2019-11-24
202023,2019-11-23
202024,2004-04-18
202025,2019-12-08
202026,2019-11-23
202027,2020-03-14
202028,2019-12-08
202032,2020-01-11
202033,2020-03-14
202034,2004-03-21
202035,2020-01-11
202036,2020-01-11
202037,2019-12-14
202038,2020-01-19
202039,2020-01-11
202040,2020-01-19
202042,2020-02-15
202043,2020-02-15
202050,2020-02-23
202052,2020-02-23
202053,2020-03-14
202056,2020-02-23
202057,2020-03-01
202058,2020-03-01
202060,2020-09-19
202061,2020-08-16
202062,2020-03-14
202063,2020-03-14
202064,2020-03-14
202065,2020-03-14
202066,2020-03-14
202067,2020-03-14
202068,2020-03-01
202071,2020-05-17
202072,2020-06-14
202073,2020-05-31
202074,2020-05-31
202075,2020-07-11
202076,2020-06-07
202077,2020-06-07
202078,2020-06-07
202079,2020-06-07
202080,2020-06-07
202081,2020-06-07
202082,2020-06-07
202083,2020-05-31
202084,2020-05-31
202085,2020-05-31
202086,2020-05-31
202087,2020-05-31
202088,2020-05-31
202089,2020-06-13
202090,2020-06-13
202091,2020-06-13
202093,2020-07-25
202094,2020-06-13
202095,2020-09-06
202096,2020-06-28
202097,2020-06-28
202098,2020-06-28
202099,2020-06-28
202100,2020-06-28
202101,2020-07-11
202102,2020-07-11
202103,2020-07-11
202104,2020-07-11
202105,2020-07-11
202106,2020-07-18
202107,2020-07-18
202108,2020-07-18
202109,2020-07-25
202110,2020-07-25
202111,2020-07-25
202112,2020-07-25
202113,2020-07-26
202114,2019-11-16
202115,2020-07-26
202116,2020-07-26
202117,2020-07-26
202118,2020-07-26
202119,2020-07-26
202120,2020-08-09
202122,2020-08-09
202123,2020-08-09
202124,2020-08-09
202125,2020-07-11
202126,2020-08-09
202127,2020-08-15
202128,2020-06-14
202129,2020-08-16
202130,2020-06-13
202131,2020-08-16
202132,2020-08-22
202133,2020-09-19
202134,2020-08-30
202135,2020-08-30
202136,2020-09-05
202137,2020-06-28
202138,2020-08-30
202139,2020-08-30
202140,2020-09-05
202141,2020-09-06
202142,2020-08-16
202143,2020-07-26
202144,2020-02-23
202145,2020-09-12
202146,2020-06-28
202147,2020-09-20
202148,2020-09-01
202149,2020-09-19
202150,2020-08-09
202151,2020-08-29
202152,2020-09-27
202153,2021-07-17
202154,2004-04-18
202155,2020-08-16
202156,2020-10-18
202157,2020-10-18
202158,2020-10-10
202159,2020-10-10
202160,2020-10-10
202161,2020-10-10
202162,2021-05-15
202163,2021-03-13
202164,2021-04-10
202165,2021-04-10
202166,2021-04-10
202167,2021-04-10
202168,2021-04-10
202169,2021-04-11
202170,2021-05-08
202171,2020-10-24
202172,2021-07-18
202173,2020-10-24
202174,2021-05-15
202175,2021-03-21
202177,2020-11-15
202178,2020-11-15
202179,2020-11-15
202180,2020-11-15
202181,2020-12-13
202182,2020-12-05
202183,2020-12-05
202184,2020-12-05
202185,2020-12-05
202186,2020-12-05
202187,2020-12-05
202188,2020-12-13
202189,2021-03-21
202191,2021-03-21
202192,2021-01-17
202193,2021-08-15
202197,2021-02-21
202198,2021-02-21
202199,2022-07-31
202201,2021-04-25
202202,2021-01-10
202204,2021-03-13
202205,2021-03-13
202206,2021-03-28
202207,2021-03-21
202208,2021-03-14
202209,2021-03-13
202210,2021-03-13
202211,2021-03-13
202212,2021-03-13
202213,2021-03-13
202214,2021-03-14
202215,2021-03-14
202216,2021-03-14
202217,2021-03-13
202218,2021-03-13
202219,2021-03-14
202220,2021-03-14
202221,2021-03-14
202223,2021-03-21
202225,2021-03-13
202226,2021-03-13
202227,2021-03-13
202228,2021-03-13
202229,2021-03-13
202230,2021-03-13
202231,2021-03-13
202232,2021-03-13
202233,2021-03-13
202234,2021-03-13
202235,2021-03-13
202236,2020-11-15
202237,2021-03-13
202238,2021-03-28
202240,2021-03-21
202244,2021-03-21
202245,2021-03-21
202246,2021-03-21
202247,2021-03-21
202248,2021-03-21
202249,2021-05-30
202250,2021-03-28
202251,2021-04-10
202252,2021-04-10
202253,2021-03-27
202254,2022-07-16
202255,2021-06-26
202256,2021-04-25
202257,2021-03-28
202258,2021-03-28
202259,2021-03-28
202260,2021-03-28
202261,2021-03-28
202262,2021-03-28
202263,2021-03-28
202275,2021-03-13
202276,2021-04-11
202277,2021-04-10
202278,2021-04-10
202279,2021-04-10
202280,2021-03-13
202281,2021-04-10
202282,2021-04-10
202283,2021-03-13
202284,2020-12-05
202285,2021-04-10
202286,2020-12-05
202287,2021-04-18
202288,2021-04-11
202291,2021-06-26
202292,2021-04-25
202293,2021-04-24
202294,2021-04-25
202295,2021-05-01
202297,2021-04-25
202298,2021-04-25
202299,2021-04-25
202300,2021-04-25
202301,2021-03-28
202302,2021-03-28
202303,2021-04-25
202304,2021-05-15
202305,2021-05-30
202306,2021-05-01
202307,2021-05-01
202309,2021-05-08
202310,2021-05-08
202311,2021-05-08
202312,2021-05-15
202313,2021-05-30
202314,2021-05-15
202315,2021-05-16
202316,2021-05-16
202317,2021-07-25
202318,2021-05-30
202319,2021-05-15
202320,2021-05-15
202321,2021-05-15
202322,2021-05-15
202323,2021-05-15
202324,2021-05-15
202325,2021-05-15
202326,2021-05-08
202327,2021-05-08
202328,2021-05-08
202329,2021-05-22
202330,2021-05-15
202331,2021-05-15
202332,2021-05-15
202333,2021-10-09
202334,2021-05-08
202335,2021-05-08
202336,2021-05-16
202337,2021-05-23
202338,2021-05-22
202339,2021-05-22
202341,2021-05-22
202342,2021-05-23
202343,2021-05-22
202344,2021-05-23
202345,2021-03-28
202346,2021-05-22
202348,2021-05-23
202349,2021-05-22
202350,2021-05-30
202351,2021-05-30
202352,2021-05-30
202353,2021-04-11
202354,2021-04-11
202355,2021-05-30
202356,2021-05-30
202357,2021-05-30
202358,2021-05-30
202359,2021-05-30
202360,2021-05-30
202361,2021-05-30
202362,2021-05-30
202363,2021-05-30
202364,2021-05-30
202365,2021-06-12
202366,2021-06-12
202367,2021-06-12
202369,2021-06-12
202371,2021-06-12
202374,2021-06-12
202380,2021-06-12
202381,2021-06-12
202383,2021-05-23
202384,2021-06-12
202385,2021-06-12
202386,2021-06-27
202387,2021-06-27
202388,2021-06-27
202389,2021-07-25
202390,2021-06-27
202391,2021-06-27
202392,2021-06-27
202393,2021-06-27
202395,2022-03-12
202396,2021-06-27
202397,2021-06-26
202398,2021-06-26
202399,2021-06-26
202400,2021-06-26
202401,2021-06-26
202402,2021-06-26
202403,2021-06-26
202404,2021-06-12
202405,2020-12-05
202406,2021-04-25
202407,2021-07-11
202408,2021-05-30
202409,2021-03-27
202412,2021-07-18
202413,2021-07-17
202414,2021-06-12
202415,2021-06-12
202417,2021-05-30
202418,2021-07-24
202419,2021-06-05
202420,2021-04-11
202421,2021-07-25
202422,2021-06-12
202423,2021-08-01
202424,2021-07-31
202425,2021-07-31
202426,2021-07-31
202427,2021-07-31
202428,2021-07-31
202429,2021-08-01
202430,2021-08-01
202431,2021-07-31
202432,2021-06-05
202433,2021-08-22
202434,2021-08-21
202435,2021-07-10
202436,2021-08-07
202437,2021-06-12
202438,2021-06-12
202439,2021-08-01
202440,2021-05-23
202441,2021-08-21
202442,2021-06-27
202443,2021-08-29
202444,2021-08-28
202445,2021-08-28
202446,2021-03-14
202447,2021-08-28
202448,2021-08-29
202449,2021-04-25
202450,2021-04-10
202544,2004-05-01
203104,2004-05-15
203154,2004-05-15
203194,2004-05-29
203304,2004-06-05
203324,2004-06-05
203354,2004-06-05
203534,2004-06-05
203604,2004-04-23
204008,2004-03-28
204051,2004-01-31
205135,2009-04-18
205136,2006-07-08
206169,2009-08-16
206177,2007-08-04
207182,2011-03-19
207183,2007-04-20
207186,2007-06-24
207195,2007-06-24
207202,2007-07-29
207209,2007-09-30
208002,2008-08-30
208213,2009-09-13
208229,2008-08-23
208236,2009-04-04
209101,2016-03-06
209247,2009-02-15
209248,2009-01-31
209266,2011-07-02
210100,2010-02-20
210267,2010-09-19
210269,2010-01-31
210271,2010-02-20
210273,2015-09-26
210276,2010-04-10
210278,2015-12-05
210283,2010-09-25
210285,2010-08-14
210289,2011-06-19
210294,2010-06-05
210295,2010-06-26
210300,2010-09-12
210301,2015-09-27
210304,2010-06-27
211318,2011-02-13
211320,2012-04-15
211351,2011-04-17
211371,2011-05-22
211401,2011-06-25
211441,2013-09-29
211461,2011-05-28
211481,2011-09-11
212274,2021-04-11
212512,2012-04-21
212522,2013-04-27
212542,2012-02-18
212562,2012-05-06
212582,2014-09-21
212642,2012-05-20
212722,2012-09-09
212752,2015-04-04
212783,2018-03-18
212813,2015-05-31
212823,2013-03-02
212833,2013-05-19
212843,2013-06-15
212853,2015-05-02
212873,2016-07-10
212883,2013-03-02
212914,2014-02-23
212924,2014-03-22
212934,2017-06-03
213004,2015-02-01
213014,2014-07-13
213024,2016-04-10
213034,2016-05-15
213044,2014-08-23
213054,2014-03-22
213084,2016-06-11
213094,2015-06-27
213104,2014-09-26
213114,2015-09-18
213124,2014-09-21
213174,2014-11-01
213204,2014-12-14
213225,2017-11-12
213275,2015-05-31
213285,2015-07-25
213315,2015-05-03
213325,2015-07-18
213335,2016-04-23
213365,2015-09-26
213407,2017-05-21
213466,2015-12-05
213486,2016-05-21
213516,2016-05-21
213536,2025-04-26
213556,2016-08-06
213706,2017-04-30
213716,2020-02-15
213726,2017-04-16
213827,2017-03-18
213927,2017-06-11
213937,2017-06-11
214707,2019-10-12
214717,2017-01-07
214747,2017-11-04
214757,2017-05-21
214787,2017-10-28
214797,2017-06-03
214817,2017-08-19
214837,2017-11-04
214888,2018-01-20
214898,2019-07-27
214908,2018-03-18
214938,2018-04-14
214958,2018-04-28
214998,2018-06-24
215018,2018-06-24
215038,2021-08-01
215068,2019-08-31
215109,2018-11-18
215129,2019-05-05
215199,2019-07-20
215203,2020-09-01
215209,2021-03-27
220007,2018-07-14
220017,2017-07-23
220037,2017-02-18
220047,2017-04-23
220057,2017-06-04
220067,2017-02-25
220087,2017-06-04
220107,2017-05-20
220127,2017-04-30
220137,2017-03-25
220157,2017-05-07
220167,2017-04-01
220187,2018-06-24
220207,2017-04-02
220217,2017-04-08
220227,2017-03-18
220237,2017-01-07
220247,2017-03-18
220257,2017-04-09
220267,2017-04-09
220277,2017-03-18
220287,2017-03-25
220297,2017-04-01
220307,2017-03-25
220317,2017-03-25
220327,2017-03-25
220337,2017-03-25
220347,2017-03-25
220357,2017-03-25
220367,2017-03-25
220377,2017-03-25
220387,2017-03-25
220397,2017-03-25
220407,2017-03-25
220507,2017-04-08
220537,2017-04-02
220547,2017-03-25
220557,2017-03-12
220567,2017-03-12
220577,2017-03-12
220597,2017-03-12
220607,2017-03-12
220627,2017-04-02
220637,2017-04-02
220657,2017-04-02
220667,2017-04-02
220677,2017-04-02
220687,2017-04-02
220697,2017-04-02
220707,2017-04-02
220717,2017-04-02
220727,2017-04-02
220737,2017-04-01
220747,2017-03-25
220757,2017-03-25
220767,2017-03-25
220777,2017-03-25
220787,2017-03-25
220797,2017-04-23
220817,2017-04-09
220837,2017-04-08
220847,2017-05-07
220857,2017-04-08
220867,2017-04-01
220877,2017-06-10
220897,2017-04-08
220907,2017-03-25
220917,2017-04-16
220927,2017-04-16
220937,2017-04-16
220947,2017-05-21
220957,2017-04-15
220977,2018-12-09
220987,2017-04-23
220997,2017-05-28
221007,2017-04-23
221017,2017-04-23
221027,2017-06-17
221037,2017-03-12
221047,2017-04-23
221057,2017-04-30
221067,2017-04-29
221077,2017-04-30
221087,2017-05-07
221107,2017-05-06
221117,2016-12-11
221127,2017-05-07
221137,2017-04-22
221147,2017-04-30
221157,2017-04-29
221167,2017-04-29
221177,2017-04-29
221187,2017-03-12
221197,2017-04-29
221207,2017-04-30
221217,2017-04-30
221227,2017-04-30
221237,2017-04-30
221247,2017-04-30
221257,2017-04-30
221267,2017-04-30
221277,2017-04-30
221287,2017-04-30
221297,2017-05-14
221307,2018-11-18
221317,2017-05-07
221327,2017-04-16
221337,2017-05-13
221347,2017-05-20
221357,2017-05-07
221367,2017-04-29
221377,2017-05-21
221387,2017-05-21
221397,2017-05-21
221407,2017-05-21
221417,2017-05-21
221447,2017-05-20
221457,2017-05-20
221467,2017-05-20
221477,2017-05-20
221487,2017-05-20
221491,2011-11-06
221497,2017-05-20
221507,2017-05-20
221517,2017-05-20
221527,2017-05-20
221537,2017-05-20
221547,2017-05-20
221557,2017-07-23
221567,2017-06-25
221577,2017-05-28
221607,2017-05-14
221617,2017-05-14
221627,2017-03-12
221637,2017-05-21
221647,2017-05-21
221657,2017-05-21
221667,2017-05-27
221677,2017-05-27
221687,2017-05-27
221697,2017-10-14
221707,2018-03-31
221717,2017-06-03
221727,2017-05-13
221737,2017-05-13
221747,2017-06-24
221757,2017-06-11
221767,2017-06-11
221777,2017-06-03
221787,2017-06-11
221797,2017-06-04
221807,2017-06-25
221817,2017-06-25
221827,2017-06-25
221837,2017-06-17
221847,2017-06-24
221857,2017-06-24
221867,2017-06-24
221887,2017-08-19
221897,2017-08-05
221917,2017-07-02
221927,2017-07-02
221937,2017-07-09
221947,2017-06-10
221957,2017-07-15
221967,2017-08-13
221977,2017-07-23
221997,2019-02-17
222027,2017-07-23
222037,2016-08-14
222047,2017-07-29
222057,2017-08-06
222067,2017-08-06
222077,2017-08-06
222087,2017-07-23
222097,2017-08-05
222107,2017-08-05
222117,2017-07-23
222127,2017-09-23
222137,2017-06-24
222147,2017-07-23
222157,2017-07-23
222167,2017-07-23
222177,2017-08-05
222187,2017-07-22
222197,2017-06-24
222207,2017-08-27
222217,2017-04-01
222227,2017-08-27
222237,2017-04-01
222247,2017-09-09
222257,2017-08-12
222267,2017-08-12
222277,2017-09-17
222287,2017-09-09
222297,2017-06-03
222307,2017-10-28
222317,2017-08-19
222327,2017-09-16
222337,2017-10-14
222427,2017-09-16
223008,2017-09-30
223028,2017-09-24
223038,2017-09-30
223048,2017-09-30
223068,2017-10-14
223078,2017-10-14
223508,2017-10-14
223518,2017-10-14
223528,2017-10-14
223538,2017-10-14
223548,2017-10-14
223558,2017-12-02
223578,2018-08-04
223588,2017-10-14
223598,2017-09-16
223608,2017-10-29
223618,2017-10-29
223648,2017-09-16
223658,2017-10-29
223668,2017-11-12
223678,2017-11-04
223688,2017-11-11
223698,2017-11-05
223708,2017-11-12
223728,2017-10-28
223738,2017-11-12
223748,2017-11-19
223758,2017-11-19
223768,2017-11-19
223778,2017-10-29
223798,2017-12-02
223808,2017-12-02
223818,2017-12-02
223828,2017-12-09
223838,2017-12-09
223848,2017-12-09
223858,2017-12-09
223868,2017-12-09
223878,2019-04-27
223918,2018-02-11
223958,2018-01-13
223988,2018-08-05
226134,2016-02-20
230024,2006-02-25
230568,2008-02-10
231355,2016-09-17
231546,2017-09-24
233888,2017-12-17
233898,2018-05-06
233908,2018-05-26
233928,2018-04-14
233948,2018-01-13
233968,2018-01-21
233978,2018-03-31
234008,2017-11-19
234018,2018-02-11
234038,2020-07-18
234048,2018-06-03
234058,2018-02-03
234068,2018-02-03
234078,2018-02-03
234088,2018-02-03
234098,2018-02-03
234108,2018-03-25
234118,2017-12-17
234128,2018-02-18
234138,2018-02-11
234148,2018-02-11
234158,2018-02-18
234168,2018-02-18
234178,2018-02-18
234188,2018-02-18
234208,2018-02-18
234218,2018-02-18
234228,2017-12-17
234238,2017-12-17
234258,2018-05-05
234268,2018-03-23
234278,2018-04-29
234298,2018-04-29
234308,2018-03-18
234328,2018-06-09
234338,2018-03-25
234348,2018-03-23
234358,2018-03-25
234368,2018-03-25
234378,2018-03-25
234388,2018-03-25
234398,2018-03-31
234438,2018-06-30
234444,2018-03-18
234446,2019-07-28
234458,2018-03-18
234478,2018-03-18
234488,2018-03-18
234498,2018-02-11
234508,2018-05-05
234518,2018-03-18
234528,2018-03-23
234538,2018-03-31
234558,2018-03-31
234568,2018-03-31
234578,2018-03-31
234588,2018-03-31
234598,2018-03-31
234608,2018-02-18
234618,2018-04-28
234628,2018-03-31
234638,2018-04-08
234648,2018-02-18
234658,2018-02-18
234668,2018-04-08
234678,2018-04-08
234688,2018-04-08
234698,2022-06-26
234708,2018-04-08
234718,2018-04-08
234728,2018-04-08
234738,2018-04-08
234748,2018-04-08
234758,2018-04-14
234768,2018-04-28
234778,2018-04-14
234788,2018-03-31
234798,2018-04-21
234808,2018-04-29
234818,2018-04-28
234828,2018-04-28
234838,2018-04-28
234848,2018-04-29
234858,2018-04-29
234868,2018-04-28
234878,2018-04-22
234888,2018-04-22
234898,2018-04-22
234908,2018-04-22
234918,2018-04-22
234928,2018-04-21
234938,2018-04-29
234958,2018-04-29
234968,2018-12-15
235008,2017-10-21
235018,2018-05-05
235028,2018-05-05
235038,2018-06-16
235048,2018-05-05
235058,2018-05-05
235068,2018-05-05
235078,2018-05-05
235088,2018-08-25
235098,2018-04-07
235108,2018-04-21
235118,2018-02-17
235128,2018-02-17
235138,2018-02-17
235148,2018-02-18
235158,2018-02-18
235168,2018-05-19
235188,2018-06-09
235198,2017-11-05
235208,2018-05-26
235218,2018-05-26
235228,2018-05-26
235238,2018-05-26
235248,2019-06-08
235258,2018-05-20
235268,2018-06-16
235278,2018-06-09
235288,2018-05-27
235298,2018-05-27
235308,2018-05-20
235318,2018-05-20
235328,2018-05-27
235338,2018-06-09
235348,2018-05-20
235358,2018-06-10
235368,2018-03-18
235378,2018-06-03
235379,2018-12-09
235388,2018-06-30
235398,2018-04-22
235408,2018-06-17
235418,2018-07-14
235428,2018-06-09
235438,2018-06-09
235448,2018-06-09
235458,2018-06-24
235468,2018-06-09
235478,2019-06-08
235488,2018-06-09
235498,2018-06-24
235508,2018-06-24
235518,2018-07-07
235538,2018-05-05
235548,2018-07-07
235558,2018-07-01
235568,2018-07-01
235578,2018-07-21
235588,2018-07-14
235608,2018-07-29
235628,2018-07-22
235638,2018-08-04
235648,2018-08-04
235659,2021-07-25
235668,2018-06-17
235678,2018-08-04
235688,2018-07-28
235698,2018-07-21
235708,2018-06-16
235718,2018-05-06
235728,2018-08-18
235738,2018-04-07
235748,2018-08-18
235768,2018-06-09
235788,2018-08-25
235798,2018-08-19
235808,2018-07-29
235818,2018-09-09
235828,2018-09-09
235858,2018-09-16
235868,2017-10-21
235878,2018-09-23
235888,2018-09-29
235898,2018-05-19
235908,2018-09-14
235918,2018-09-14
235928,2018-10-13
235938,2018-09-29
235948,2018-09-30
235958,2018-09-30
235968,2018-09-29
235998,2018-09-23
235999,2018-10-13
236009,2019-06-08
236109,2018-10-13
236129,2018-11-03
236139,2018-10-27
236159,2018-12-09
236169,2018-11-18
236179,2024-05-05
236189,2018-11-17
236199,2018-10-28
236209,2018-10-28
236219,2018-10-28
236229,2019-02-10
236239,2018-12-09
236249,2018-10-14
236309,2018-12-16
236329,2020-07-26
236359,2019-04-06
236379,2019-02-17
236399,2019-01-12
236419,2018-10-14
236429,2019-02-17
236439,2019-02-17
236449,2019-03-02
236459,2019-02-17
236479,2019-02-10
236489,2019-02-17
236499,2019-02-17
236509,2019-02-17
236519,2019-02-17
236529,2019-08-11
236534,2019-05-18
236539,2019-02-16
236549,2019-02-16
236550,2018-10-27
236569,2018-10-27
236579,2018-10-27
236589,2018-10-27
236599,2018-12-15
236609,2019-02-10
236619,2019-05-18
236629,2018-10-27
236639,2019-03-03
236649,2019-02-10
236659,2019-02-10
236669,2019-02-24
236679,2019-03-03
236689,2019-02-24
236699,2019-02-24
236709,2019-02-24
236719,2018-12-15
236729,2019-07-14
236749,2019-03-03
236769,2019-03-09
236779,2019-03-17
236789,2019-03-03
236799,2019-03-17
236809,2019-03-17
236819,2019-04-14
236829,2019-03-17
236839,2019-03-17
236849,2018-11-18
236859,2019-04-06
236869,2018-12-15
236879,2019-03-31
236889,2019-03-31
236899,2019-02-17
236909,2019-03-31
236919,2019-03-31
236929,2019-03-31
236939,2019-03-31
236949,2019-03-31
236959,2019-01-12
236969,2019-04-27
236989,2019-05-18
236999,2021-10-30
237019,2019-04-14
237029,2019-03-17
237039,2019-04-27
237049,2019-03-17
237059,2019-05-18
237079,2019-03-17
237089,2019-03-31
237099,2019-03-31
237109,2019-04-14
237119,2019-04-14
237129,2019-04-14
237139,2019-04-14
237149,2019-04-14
237159,2019-04-28
237169,2019-05-05
237179,2019-04-06
237189,2019-04-06
237199,2020-08-29
237209,2019-04-06
237219,2019-05-26
237229,2019-05-05
237239,2019-04-14
237249,2019-04-28
237259,2019-04-28
237269,2019-05-05
237279,2019-04-27
237299,2018-12-15
237309,2019-05-18
237319,2019-02-10
237329,2019-02-24
237339,2019-05-19
237349,2019-05-19
237359,2019-05-19
237369,2019-05-19
237379,2019-05-19
237389,2019-05-18
237399,2019-05-18
237409,2019-05-18
237419,2019-05-18
237429,2019-05-25
237439,2019-05-05
237449,2019-06-02
237459,2019-05-26
237469,2019-04-28
237479,2019-04-28
237489,2019-05-05
237499,2019-06-08
237509,2019-04-28
237519,2019-06-09
237529,2019-06-09
237539,2019-06-09
237549,2019-07-27
237559,2019-06-08
237569,2019-06-09
237579,2019-06-08
237589,2019-06-22
237599,2019-06-08
237609,2019-06-08
237619,2019-06-22
237629,2019-06-23
237639,2019-06-01
237649,2019-06-02
237659,2019-04-14
237669,2019-06-30
237679,2019-04-27
237709,2019-07-13
237719,2019-06-02
237729,2019-07-20
237739,2019-07-20
237749,2019-07-27
237759,2019-07-27
237779,2019-08-25
237789,2019-06-08
237799,2019-07-27
237809,2019-07-13
237819,2019-05-18
237829,2019-06-30
237839,2019-07-28
237859,2019-04-06
237868,2019-10-12
237869,2019-08-04
237878,2019-09-28
237879,2019-05-05
237889,2019-08-31
237899,2019-08-04
237909,2019-08-24
237919,2019-07-20
237929,2018-11-17
237939,2019-08-04
237959,2019-08-04
237969,2019-07-14
237979,2019-09-08
237989,2019-05-25
237999,2019-05-26
238009,2019-09-14
238019,2019-04-07
238039,2020-07-26
238049,2019-06-08
238059,2019-06-22
238069,2019-09-29
238079,2019-09-28
238089,2019-10-26
238109,2019-10-12
238129,2019-10-12
238139,2019-10-12
238159,2019-11-16
238199,2019-08-04
240074,2004-03-21
240094,2004-01-31
240234,2004-04-03
240354,2004-01-31
240444,2004-04-24
240544,2004-06-05
240596,2009-06-28
240784,2004-02-21
240824,2004-04-23
240894,2004-07-17
240924,2004-02-22
240934,2004-02-29
241125,2005-08-07
241145,2005-08-07
241155,2005-08-07
241175,2005-08-07
241225,2005-08-21
242136,2016-04-16
250179,2009-08-22
250315,2005-04-10
250365,2005-04-10
250415,2005-04-10
250425,2005-06-25
250455,2005-06-25
250465,2005-09-18
250505,2005-06-26
250535,2005-08-21
250575,2005-10-02
250586,2004-05-08
250596,2006-04-02
250616,2006-04-02
250626,2006-04-02
250636,2006-04-02
250656,2006-04-02
250676,2006-04-30
250686,2006-05-28
250696,2006-09-16
250706,2006-10-22
250717,2007-04-01
250727,2007-04-01
250737,2007-04-01
250747,2007-05-27
250767,2007-05-27
250777,2007-08-19
250797,2007-06-23
250807,2007-06-23
250827,2007-06-23
250837,2007-07-22
250847,2007-07-22
250857,2007-07-22
250867,2007-07-22
250878,2008-04-05
250888,2008-04-05
250898,2008-04-05
250908,2008-05-11
250918,2008-06-29
250928,2010-02-20
250938,2008-05-11
250948,2008-05-17
250958,2008-06-07
250968,2008-06-07
250978,2008-09-13
250989,2009-04-19
250999,2009-04-19
251009,2009-04-19
251019,2009-04-19
251029,2009-04-19
251039,2009-04-19
251049,2009-04-19
251059,2009-04-19
251069,2009-05-09
251079,2009-05-09
251089,2009-05-24
251099,2009-05-24
251129,2009-06-07
251139,2009-06-07
251149,2009-06-07
251159,2009-06-07
251209,2010-02-20
251219,2009-10-24
260014,2004-03-21
260024,2004-03-21
260074,2004-03-21
260294,2004-06-27
260354,2009-02-15
260494,2004-09-12
260504,2004-10-02
260600,2010-04-11
260610,2010-04-11
260620,2010-04-11
260630,2010-04-11
260635,2005-07-16
260640,2010-04-11
260650,2010-06-20
260656,2006-06-04
260660,2010-07-25
260666,2006-02-25
260676,2006-06-10
260681,2011-05-22
260682,2012-08-19
260691,2011-05-22
260692,2012-08-19
260701,2011-05-22
270304,2004-05-01
270314,2004-05-01
270464,2004-05-01
270644,2004-03-27
270936,2006-04-09
270946,2006-04-09
270956,2006-04-09
270966,2006-04-09
270976,2006-04-09
270986,2006-04-09
270996,2006-04-09
271006,2006-04-09
271016,2006-04-09
271026,2006-04-09
271036,2006-04-09
271046,2006-05-07
271076,2006-06-04
271086,2006-06-04
271096,2006-06-04
271106,2006-06-25
271116,2006-07-23
271126,2006-07-23
271136,2006-08-06
271146,2006-08-06
271156,2006-08-06
271166,2006-08-06
271176,2006-05-07
271187,2007-04-14
271197,2007-07-07
271207,2007-04-15
271217,2007-04-15
271227,2007-05-06
271237,2007-05-06
271247,2007-05-06
271257,2007-06-24
271267,2007-06-10
271277,2007-07-07
271287,2007-09-30
271297,2007-08-05
271318,2008-04-13
271328,2008-04-13
271338,2008-04-13
271348,2008-04-13
271368,2008-04-13
271378,2008-07-20
271388,2008-07-20
271398,2008-07-20
271408,2008-07-20
271418,2008-09-14
271449,2009-06-21
271450,2010-04-25
290064,2004-07-03
290175,2005-06-04
300114,2004-06-12
300234,2004-07-11
300274,2004-07-16
300344,2004-07-11
300434,2004-08-29
300484,2004-07-24
310084,2004-05-16
310104,2004-05-01
310164,2004-05-01
310364,2004-10-09
310484,2004-07-10
310544,2004-06-26
310564,2004-04-17
310844,2004-03-27
310864,2004-05-01
310904,2004-10-09
311474,2004-04-17
311544,2004-02-29
311554,2004-02-29
311614,2004-03-21
311624,2004-02-21
311644,2004-09-18
311844,2004-07-31
311984,2004-02-22
312104,2005-04-02
312264,2005-02-26
312285,2005-04-02
312415,2005-02-26
312435,2011-04-03
312465,2005-08-05
312485,2005-02-26
312495,2005-04-30
312575,2005-02-26
312695,2005-02-26
312715,2005-09-18
312815,2005-02-26
312855,2005-02-26
313015,2005-02-26
313025,2005-02-26
313145,2005-05-21
313155,2005-04-10
313205,2005-03-12
313267,2007-04-01
313277,2007-04-01
313287,2007-04-01
313317,2007-04-01
313327,2007-03-11
313347,2007-03-24
313357,2007-03-24
313367,2007-03-24
313377,2007-03-24
313405,2005-06-04
313455,2005-04-02
313505,2005-04-02
313595,2005-04-17
313625,2005-04-24
313655,2005-04-17
313715,2005-03-12
313795,2005-04-24
313815,2005-04-24
313855,2005-05-01
313955,2005-06-25
313995,2006-02-25
314175,2005-05-21
314205,2005-06-05
314285,2005-05-21
314315,2005-05-15
314445,2005-04-17
314475,2005-07-30
314505,2005-05-29
314545,2005-06-04
314555,2005-07-10
314575,2005-05-21
314595,2005-05-21
314635,2005-06-25
314785,2005-06-25
314815,2005-07-24
314865,2005-07-23
314895,2005-05-15
315025,2005-08-13
315065,2005-08-28
315075,2005-07-23
315095,2005-09-18
315135,2005-09-17
315195,2005-12-31
315205,2005-10-08
315275,2005-09-04
315296,2005-12-31
315306,2005-12-31
315316,2005-12-31
315326,2005-12-31
315336,2005-12-31
315346,2005-12-31
315356,2006-05-20
315386,2006-04-23
315396,2006-06-04
315416,2006-02-25
315466,2006-02-25
315476,2006-02-12
315486,2006-02-12
315496,2006-02-12
315506,2006-02-12
315516,2005-12-31
315526,2006-02-12
315536,2006-02-12
315546,2006-02-12
315556,2006-02-12
315566,2006-02-12
315576,2006-02-12
315586,2006-02-12
315596,2006-02-12
315616,2006-02-12
315636,2006-02-12
315646,2006-02-25
315656,2006-02-25
315666,2006-05-28
315676,2006-02-25
315686,2006-03-25
315716,2006-03-25
315736,2006-02-25
315746,2006-02-26
315756,2006-02-25
315846,2006-02-25
315856,2006-02-25
315866,2006-02-25
315876,2006-02-25
315886,2006-02-25
315906,2006-02-25
315916,2006-02-25
315986,2006-02-25
316086,2006-02-25
316096,2006-02-25
316126,2006-02-25
316226,2006-02-25
316316,2006-02-25
316336,2006-02-25
316356,2006-05-28
316376,2006-03-25
316386,2006-04-02
316406,2006-04-02
316426,2006-03-25
316436,2006-03-25
316446,2006-03-25
316466,2006-03-25
316476,2006-03-25
316486,2006-03-25
316496,2006-03-25
316506,2006-03-25
316516,2006-03-25
316526,2006-03-25
316546,2006-03-25
316556,2006-04-23
316566,2006-04-02
316576,2006-04-02
316586,2006-04-02
316596,2006-04-02
316606,2006-04-02
316616,2006-03-25
316626,2006-04-09
316636,2006-04-09
316646,2006-04-09
316656,2006-04-23
316666,2006-04-30
316686,2006-04-30
316696,2006-06-25
316706,2006-04-30
316716,2006-04-30
316726,2006-06-04
316746,2006-04-30
316756,2006-04-30
316766,2006-05-12
316776,2006-05-12
316786,2006-05-12
316796,2006-05-12
316806,2006-05-12
316816,2006-06-04
316846,2006-05-13
316856,2006-05-20
316866,2006-05-20
316876,2006-05-20
316896,2006-05-20
316906,2006-05-20
316916,2006-05-20
316926,2006-05-20
316936,2006-05-20
316956,2006-05-20
316966,2006-05-28
316986,2006-07-02
316996,2006-05-20
317006,2006-05-20
317026,2006-06-17
317036,2006-06-10
317046,2006-09-16
317056,2006-06-24
317086,2006-06-03
317096,2006-06-17
317106,2006-06-24
317116,2006-06-24
317136,2006-06-24
317146,2006-06-24
317156,2006-06-24
317166,2006-06-24
317186,2008-04-12
317196,2006-06-15
317206,2006-05-13
317216,2006-06-15
317226,2006-06-17
317246,2006-07-22
317266,2006-07-08
317276,2006-06-24
317286,2006-06-24
317296,2006-06-24
317306,2006-07-15
317326,2006-07-08
317336,2006-07-08
317346,2006-07-08
317356,2006-07-08
317366,2006-07-08
317376,2006-07-08
317386,2006-07-08
317396,2006-07-09
317406,2006-07-09
317426,2006-07-30
317436,2007-08-12
317456,2006-07-15
317466,2006-07-15
317476,2006-07-15
317486,2006-10-07
317496,2006-07-23
317506,2006-07-23
317516,2006-07-23
317526,2006-07-23
317546,2006-07-23
317556,2006-06-24
317566,2006-07-29
317576,2006-09-16
317586,2006-08-05
317596,2006-08-20
317606,2006-07-29
317616,2006-07-29
317626,2006-06-24
317646,2006-08-12
317656,2006-08-12
317666,2006-06-24
317706,2006-09-09
317716,2008-05-03
317726,2006-09-10
317736,2006-06-25
317746,2006-07-23
317766,2006-04-22
317776,2006-09-16
317786,2006-08-06
317796,2006-09-17
317836,2006-10-22
317846,2006-08-26
317876,2007-02-11
317907,2007-02-11
317917,2007-02-11
317927,2007-02-11
317937,2007-02-11
317947,2007-02-11
317957,2007-02-11
317967,2007-02-11
317977,2007-02-11
317987,2007-02-11
318007,2007-02-11
318027,2008-02-23
318047,2007-02-24
318057,2007-04-21
318067,2007-02-24
318077,2007-04-01
318087,2007-02-24
318097,2007-02-24
318107,2007-02-24
318117,2007-04-01
318157,2007-02-24
318167,2007-04-01
318177,2007-05-06
318187,2007-02-24
318217,2007-02-24
318247,2007-03-24
318257,2007-03-24
318437,2007-03-31
318447,2007-03-31
318457,2007-03-31
318467,2007-03-31
318477,2007-03-31
318497,2007-04-01
318507,2007-04-01
318537,2007-04-21
318567,2007-04-21
318577,2007-04-21
318607,2007-04-21
318617,2007-04-21
318627,2007-04-21
318637,2007-04-21
318647,2007-04-14
318657,2007-04-14
318667,2007-04-14
318677,2007-04-14
318687,2007-04-14
318697,2007-05-11
318707,2007-04-21
318717,2007-04-21
318727,2007-04-21
318737,2007-05-06
318747,2007-05-06
318757,2007-05-06
318777,2007-05-06
318787,2007-04-28
318797,2007-04-28
318807,2007-04-28
318817,2007-04-28
318827,2007-05-05
318847,2007-05-05
318857,2007-05-06
318867,2007-04-22
318877,2007-05-11
318887,2007-05-11
318897,2007-06-03
318907,2007-05-27
318917,2007-06-03
318927,2007-06-03
318947,2007-05-27
318957,2007-04-22
318967,2007-05-20
318977,2007-05-20
318987,2007-04-22
318997,2007-04-22
319007,2007-04-22
319017,2007-04-22
319027,2007-04-22
319047,2007-04-22
319057,2007-04-22
319067,2007-04-22
319087,2007-06-03
319097,2007-06-03
319107,2007-06-16
319117,2007-05-05
319157,2007-06-16
319167,2007-06-17
319177,2007-06-17
319187,2007-06-17
319197,2007-06-17
319217,2007-06-23
319227,2007-06-16
319237,2007-06-16
319247,2007-06-23
319257,2007-06-23
319267,2007-06-23
319277,2009-07-09
319307,2007-07-15
319317,2007-07-15
319327,2007-07-15
319337,2007-07-15
319357,2007-07-15
319367,2007-07-14
319377,2007-08-19
319407,2007-07-08
319417,2007-07-21
319427,2007-07-21
319437,2007-07-15
319447,2007-07-15
319467,2007-07-07
319477,2007-08-11
319487,2007-08-04
319517,2007-07-29
319527,2007-07-29
319537,2007-07-29
319547,2007-08-11
319557,2007-08-11
319567,2007-08-11
319577,2007-08-11
319587,2007-08-11
319597,2007-08-11
319607,2007-08-19
319617,2007-08-18
319627,2007-08-18
319637,2007-08-18
319647,2007-08-18
319657,2007-08-18
319667,2007-08-26
319677,2007-08-19
319687,2007-08-18
319697,2007-09-08
319707,2007-08-25
319717,2007-08-25
319727,2007-08-25
319737,2007-09-09
319747,2007-09-15
319757,2007-09-15
319767,2007-09-15
319817,2007-10-21
319818,2008-03-22
319888,2008-01-26
319898,2008-01-26
319918,2008-02-23
319928,2008-02-10
319938,2008-02-10
319948,2008-02-10
319958,2008-02-10
319968,2008-02-10
319978,2008-02-10
319988,2008-02-10
319998,2008-02-10
320008,2008-02-10
320028,2008-03-29
320038,2009-04-05
320048,2008-02-16
320058,2008-02-16
320068,2008-02-23
320078,2008-02-23
320088,2008-02-23
321008,2008-02-23
321018,2008-03-16
321028,2008-02-23
321048,2009-02-21
321058,2008-02-23
321068,2008-04-05
321088,2008-02-23
321098,2008-02-23
321108,2008-02-23
321118,2008-02-23
321128,2008-02-23
321138,2008-02-23
321148,2008-02-23
321158,2008-02-23
321168,2008-02-23
321178,2008-02-23
321188,2008-02-23
321198,2008-02-23
321228,2008-03-29
321248,2009-05-09
321268,2008-04-05
321278,2008-03-16
321288,2008-03-16
321298,2008-03-16
321308,2008-03-16
321318,2008-03-16
321328,2008-04-05
321338,2008-03-29
321348,2008-06-14
321358,2008-03-29
321368,2008-03-29
321378,2008-03-29
321388,2008-03-29
321398,2008-03-29
321408,2008-03-29
321428,2008-04-13
321438,2008-04-05
321448,2008-04-05
321458,2008-04-05
321468,2008-04-05
321478,2008-04-06
321488,2008-04-06
321498,2008-03-16
321508,2008-06-14
321528,2008-04-26
321538,2008-04-19
321548,2008-04-19
321558,2008-04-19
321568,2008-04-19
321578,2008-04-19
321588,2008-04-19
321608,2008-05-03
321628,2008-04-26
321648,2008-05-17
321668,2008-05-31
321678,2008-05-31
321688,2008-05-31
321728,2008-06-14
321738,2008-06-21
321748,2008-06-21
321758,2008-06-21
321768,2008-06-14
321778,2008-06-14
321798,2008-06-21
321808,2008-06-21
321818,2008-06-21
321828,2008-06-29
321838,2008-06-28
321848,2008-08-31
321878,2008-05-31
321888,2008-05-31
321898,2008-05-31
321918,2008-05-31
321928,2008-05-31
321938,2008-05-31
321948,2008-05-31
321958,2008-07-13
321968,2008-07-13
321978,2008-07-13
321998,2008-07-19
322018,2008-07-20
322028,2008-07-27
322038,2008-09-14
322042,2012-03-10
322048,2008-07-27
322058,2008-07-27
322068,2008-07-27
322078,2008-08-03
322088,2008-08-03
322098,2008-08-09
322118,2008-08-09
322128,2008-09-06
322138,2008-08-10
322148,2008-08-10
322158,2008-08-17
322168,2008-08-17
322178,2008-08-23
322188,2008-08-23
322198,2008-08-23
322208,2008-08-23
322218,2008-08-23
322222,2012-06-22
322228,2008-12-06
322238,2008-08-31
322268,2008-08-31
322278,2008-08-31
322288,2008-09-20
322298,2008-08-31
322308,2008-08-31
322318,2008-09-07
322338,2008-09-20
322348,2008-10-19
322358,2008-09-13
322368,2008-10-04
322378,2008-07-27
322408,2008-10-25
322418,2009-05-03
322518,2008-12-06
322539,2009-01-31
322549,2009-01-31
322559,2009-06-26
322569,2009-03-14
322579,2009-05-09
322599,2009-01-31
322609,2009-01-31
322619,2009-01-31
322629,2009-01-31
322639,2009-03-01
322659,2009-04-04
322669,2009-01-31
322679,2009-03-01
322689,2009-02-15
322699,2009-02-15
322719,2009-02-15
322759,2009-01-31
322769,2009-02-15
322789,2009-02-15
322799,2009-02-15
322809,2009-02-15
322819,2009-02-15
322849,2009-02-21
322869,2009-02-21
322879,2009-02-21
322909,2009-02-21
322919,2009-02-21
322929,2009-02-21
322949,2009-02-21
322959,2009-04-19
322969,2009-02-21
322989,2009-02-21
322999,2009-02-21
323019,2009-02-21
323029,2009-02-21
323039,2009-02-21
323049,2009-02-21
323059,2009-02-21
323069,2009-02-21
323079,2009-02-21
323089,2009-02-21
323099,2009-02-21
323109,2009-03-01
323119,2009-03-01
323129,2009-02-28
323139,2009-02-28
323149,2009-02-28
323159,2009-03-01
323169,2009-03-01
323179,2009-03-01
323189,2009-03-01
323209,2009-03-01
323219,2009-03-08
323239,2009-03-08
323249,2009-03-08
323259,2009-03-08
323279,2009-03-08
323289,2009-05-09
323299,2009-03-08
323309,2009-04-18
323319,2009-03-14
323329,2009-03-14
323339,2009-03-14
323359,2009-03-14
323369,2009-03-14
323379,2009-03-14
323389,2009-08-01
323399,2009-05-23
323409,2009-06-20
323439,2009-04-05
323459,2009-04-05
323469,2009-04-05
323479,2009-04-05
323499,2009-04-25
323509,2009-04-04
323519,2009-04-04
323529,2009-04-04
323539,2009-04-04
323559,2009-04-19
323579,2009-04-19
323609,2009-04-18
323619,2009-04-18
323629,2009-04-18
323639,2009-04-19
323659,2009-04-19
323669,2009-04-18
323679,2009-04-18
323689,2009-04-18
323699,2009-04-18
323709,2009-04-26
323719,2009-04-26
323749,2009-08-01
323759,2009-10-24
323769,2009-05-03
323779,2009-05-09
323789,2009-05-09
323799,2009-05-09
323809,2009-05-09
323819,2009-05-09
323839,2009-05-09
323849,2009-05-24
323909,2009-05-16
323919,2009-05-16
323949,2009-05-31
323979,2009-05-31
323989,2009-05-31
323999,2009-05-23
324009,2009-05-31
324019,2009-05-31
324029,2009-06-07
324039,2009-06-07
324049,2009-06-07
324059,2009-06-07
324069,2009-06-07
324079,2009-06-06
324089,2009-06-06
324099,2009-06-06
324109,2009-06-06
324119,2009-06-06
324139,2009-06-20
324149,2009-06-13
324159,2009-06-13
324169,2009-06-20
324189,2014-03-23
324199,2009-06-28
324209,2009-06-27
324219,2009-06-27
324229,2009-06-27
324239,2009-08-01
324249,2009-06-28
324259,2009-07-12
324269,2009-07-12
324279,2009-07-12
324289,2009-07-12
324299,2009-07-12
324329,2009-07-18
324339,2009-07-09
324349,2009-07-09
324359,2009-07-09
324379,2009-07-12
324399,2009-07-25
324409,2009-08-01
324419,2009-08-01
324429,2009-08-08
324439,2009-08-16
324449,2009-08-01
324459,2009-08-08
324469,2009-08-08
324479,2009-08-01
324489,2009-07-26
324499,2009-08-22
324509,2009-08-02
324519,2009-08-16
324529,2009-08-30
324539,2009-08-30
324549,2009-08-30
324559,2009-10-24
324566,2019-11-16
324579,2009-09-20
324589,2009-09-20
324609,2009-10-24
324619,2009-10-24
324629,2009-10-24
324639,2009-10-24
324649,2009-10-24
324659,2010-03-13
324669,2010-03-13
324679,2010-03-27
324699,2011-09-18
324719,2010-04-10
324749,2009-11-08
324769,2009-11-08
324779,2009-12-05
324789,2009-12-05
324799,2009-12-05
324809,2009-12-05
324819,2009-12-05
324830,2010-03-13
324850,2010-01-16
324860,2010-01-16
324870,2010-01-16
324900,2010-02-20
324910,2010-04-11
324920,2010-03-27
324930,2010-03-13
324960,2010-01-31
324980,2010-04-03
325000,2010-02-20
325020,2010-03-20
325030,2010-02-20
325040,2010-04-03
325050,2010-02-20
325060,2010-02-20
325080,2010-02-20
325090,2010-02-20
325100,2010-02-20
325110,2010-02-20
325120,2010-02-20
325130,2010-02-20
325140,2010-02-20
325150,2010-02-20
325170,2010-03-27
325180,2010-02-20
325190,2010-02-20
325200,2010-02-20
325220,2010-02-27
325230,2010-02-27
325240,2010-02-27
325250,2010-03-13
325280,2010-04-10
325290,2010-05-08
325300,2010-03-13
325310,2010-03-13
325320,2010-03-13
325330,2010-03-13
325340,2010-03-13
325350,2010-03-13
325370,2010-03-13
325380,2010-03-13
325390,2010-03-20
325400,2010-03-20
325410,2010-03-20
325420,2010-03-20
325430,2010-02-20
325450,2010-03-27
325460,2010-03-28
325480,2010-05-15
325490,2010-03-26
325500,2010-05-22
325520,2010-03-27
325530,2010-03-26
325540,2010-03-26
325550,2010-05-02
325560,2010-03-20
325570,2010-04-03
325580,2010-04-03
325590,2010-03-27
325600,2010-02-20
325630,2010-04-10
325640,2010-04-10
325650,2010-04-10
325660,2010-04-10
325670,2010-04-10
325680,2010-04-10
325690,2010-04-10
325700,2010-04-10
325710,2010-05-15
325720,2010-04-10
325730,2010-04-10
325740,2010-04-10
325760,2010-04-10
325770,2010-04-10
325780,2010-04-10
325790,2010-04-10
325800,2010-04-10
325810,2010-04-10
325820,2010-04-10
325850,2010-04-10
325860,2010-04-18
325870,2010-04-18
325880,2010-04-18
325890,2010-04-18
325900,2010-04-18
325910,2010-04-18
325930,2010-05-01
325940,2010-06-27
325950,2010-04-24
325960,2010-04-24
325970,2010-04-24
325980,2010-04-25
326010,2010-05-08
326020,2010-04-24
326030,2010-05-01
326040,2010-05-01
326050,2010-05-01
326060,2010-05-01
326080,2010-05-02
326090,2010-05-01
326100,2010-05-08
326110,2010-05-08
326120,2010-05-08
326130,2010-04-24
326140,2010-04-24
326150,2010-04-24
326160,2010-04-24
326170,2010-05-08
326180,2010-05-08
326200,2010-05-08
326220,2010-05-08
326230,2010-05-15
326240,2010-05-15
326250,2010-05-15
326260,2010-05-23
326270,2010-05-23
326280,2010-11-13
326290,2010-05-16
326300,2010-05-15
326330,2010-03-26
326340,2010-03-26
326350,2012-09-22
326360,2010-03-26
326370,2010-03-26
326380,2010-03-26
326390,2010-03-26
326400,2010-03-26
326410,2010-03-26
326420,2010-03-26
326430,2010-03-26
326440,2010-03-26
326460,2010-05-30
326470,2010-05-30
326480,2010-05-30
326490,2010-05-30
326500,2010-06-06
326510,2010-06-06
326520,2010-05-30
326530,2010-05-30
326540,2010-07-10
326560,2010-07-11
326570,2010-04-10
326580,2010-06-12
326590,2010-06-19
326600,2012-02-18
326610,2010-06-05
326620,2010-06-05
326630,2010-04-17
326640,2010-06-19
326650,2010-06-19
326660,2010-06-19
326670,2010-07-17
326680,2010-06-19
326690,2010-05-15
326700,2010-06-12
326720,2010-08-07
326730,2010-06-26
326740,2010-06-26
326750,2010-06-26
326760,2010-06-26
326770,2017-06-03
326780,2010-07-25
326790,2010-07-11
326800,2010-07-11
326810,2010-04-18
326820,2010-07-17
326840,2010-07-17
326850,2010-08-07
326860,2010-07-23
326870,2010-07-23
326880,2010-07-23
326890,2010-07-23
326900,2010-07-23
326910,2010-07-25
326920,2010-07-25
326930,2010-07-25
326940,2010-08-07
326950,2010-08-14
326960,2010-08-14
326970,2010-08-14
326980,2010-08-07
326990,2010-08-07
327000,2010-08-07
327010,2010-08-07
327020,2010-08-07
327030,2010-07-24
327040,2010-08-07
327050,2010-08-07
327060,2011-06-19
327070,2010-08-07
327080,2010-08-07
327090,2010-07-25
327100,2010-08-28
327110,2010-08-22
327120,2010-08-29
327130,2010-06-27
327150,2010-08-21
327160,2010-08-28
327170,2010-04-17
327210,2010-09-11
327220,2010-08-28
327240,2010-09-12
327250,2010-09-12
327260,2010-09-12
327270,2010-09-19
327280,2011-07-03
327290,2010-09-25
327300,2010-09-25
327310,2010-08-22
327320,2010-07-17
327330,2010-10-30
327340,2010-11-13
327350,2010-10-30
327360,2010-10-30
327370,2010-12-04
327380,2010-11-13
327390,2010-11-06
327400,2010-11-13
327410,2010-11-06
327430,2010-11-05
327440,2010-11-05
327450,2010-11-05
327460,2010-11-13
327470,2010-11-05
327490,2010-11-06
327500,2010-11-06
327520,2010-11-13
327540,2010-11-20
327560,2010-11-20
327570,2010-11-20
327580,2010-11-20
327590,2010-11-20
327600,2010-11-20
327610,2010-11-20
327630,2010-11-20
327640,2010-11-20
327650,2010-11-20
327660,2010-11-20
327670,2010-11-20
327680,2010-11-20
327700,2010-12-04
327720,2010-09-11
327721,2011-01-01
327730,2011-02-26
327731,2011-01-01
327741,2011-03-12
327751,2011-02-27
327761,2010-12-04
327771,2011-02-13
327791,2011-01-29
327801,2011-01-29
327811,2011-01-29
327821,2010-12-04
327831,2011-03-12
327841,2011-02-19
327861,2011-02-26
327871,2011-02-19
327881,2011-02-26
327891,2011-03-12
327901,2011-04-09
328101,2011-02-13
328201,2011-02-13
328301,2011-02-13
328401,2011-02-13
328501,2011-03-19
328601,2010-12-11
328701,2011-02-12
328801,2011-02-12
328901,2011-02-12
328921,2011-02-12
328931,2011-02-12
328941,2011-02-12
328951,2011-02-12
328961,2011-02-12
328971,2011-02-12
328981,2011-02-12
328991,2011-02-12
329001,2011-02-12
329011,2010-12-04
329021,2011-02-19
329031,2011-03-13
329041,2011-02-19
329051,2011-02-19
329061,2011-02-19
329071,2011-02-19
329291,2012-09-15
329301,2011-02-26
329311,2011-02-26
329321,2011-02-26
329331,2011-02-26
329341,2011-02-26
329351,2011-02-26
329421,2011-02-19
329431,2011-03-05
329441,2011-03-05
329451,2011-03-05
329461,2011-03-05
329471,2011-03-05
329481,2011-03-05
329491,2011-03-05
329501,2011-03-05
329511,2011-03-05
329521,2011-03-05
329541,2011-04-09
329551,2011-03-13
329561,2011-03-12
329571,2011-03-12
329581,2011-03-12
329591,2011-03-12
329601,2011-03-12
329611,2011-03-12
329651,2011-03-19
329661,2011-03-19
329671,2011-03-19
329681,2011-03-19
329691,2011-03-19
329701,2011-03-19
329711,2011-03-19
329721,2011-03-19
329731,2011-03-19
329741,2011-03-13
329751,2011-03-13
329761,2011-03-13
329771,2011-06-11
329781,2011-03-19
329791,2011-03-19
329801,2011-03-19
329811,2011-03-19
329821,2011-03-19
329831,2011-03-19
329841,2011-03-26
329851,2011-03-26
329861,2011-03-26
329871,2011-03-26
329881,2011-03-26
329891,2011-04-09
329901,2011-04-03
329911,2011-04-03
329921,2011-04-03
329931,2011-04-03
329941,2011-04-03
329951,2011-04-03
329961,2011-04-03
329971,2011-04-02
329981,2011-04-02
329991,2011-04-02
330002,2012-06-22
330011,2011-04-02
330021,2011-04-02
330031,2011-04-02
330041,2011-04-10
330051,2011-04-09
330061,2011-04-16
330071,2011-04-16
330081,2011-04-16
330101,2011-04-09
330121,2011-04-16
330131,2011-04-16
330141,2011-04-16
330151,2011-04-16
330161,2011-05-28
330171,2011-04-23
330181,2011-04-23
330191,2011-04-23
330201,2011-05-22
330211,2011-06-11
330231,2011-05-22
330241,2011-05-07
330251,2011-06-12
330261,2012-06-16
330281,2011-05-14
330291,2011-05-14
330301,2011-05-14
330311,2011-05-14
330321,2011-05-15
330331,2011-05-15
330341,2011-05-07
330351,2011-04-16
330361,2011-05-14
330371,2011-05-14
330391,2011-05-14
330401,2011-05-14
330411,2011-05-14
330421,2011-05-14
330441,2011-05-22
330451,2011-05-22
330461,2011-05-22
330471,2011-05-22
330481,2011-05-22
330491,2011-05-22
330501,2011-05-28
330511,2011-05-22
330521,2011-05-22
330531,2011-05-22
330541,2012-05-12
330551,2011-05-28
330561,2011-04-09
330571,2011-05-15
330581,2011-05-15
330601,2011-05-29
330631,2011-06-03
330641,2011-06-03
330651,2011-06-03
330661,2011-05-21
330671,2011-10-02
330681,2011-05-21
330691,2011-05-21
330701,2011-06-25
330711,2011-06-25
330721,2011-06-04
330751,2011-07-02
330791,2011-06-11
330801,2011-06-11
330811,2011-06-11
330821,2011-06-11
330831,2011-06-12
330841,2011-07-10
330851,2011-10-30
330861,2011-07-10
330871,2011-05-29
330881,2011-07-17
330891,2011-07-09
330901,2011-08-06
330911,2011-06-18
330921,2011-06-18
330931,2011-06-19
330951,2011-06-19
330971,2011-05-21
330991,2011-07-17
331001,2011-05-29
331012,2011-11-06
331041,2011-07-31
331051,2011-06-19
331061,2011-08-06
331071,2011-08-06
331081,2011-08-14
331091,2011-08-14
331101,2011-08-20
331111,2011-09-18
331121,2011-06-11
331131,2011-08-28
331141,2011-05-29
331151,2011-09-11
331161,2011-09-11
331171,2011-09-11
331181,2011-09-11
331191,2011-09-10
331201,2011-09-24
331211,2011-09-11
331311,2011-08-21
331321,2011-09-17
331331,2011-09-18
331351,2011-09-17
331361,2011-05-07
331371,2011-09-17
331381,2012-05-12
331391,2011-09-25
331401,2011-09-24
331411,2012-04-15
331432,2011-10-30
331442,2011-10-30
331452,2011-10-30
331462,2011-10-30
331472,2012-02-26
331482,2011-10-30
331492,2011-10-30
331502,2011-10-30
331522,2011-10-22
331532,2011-11-20
331542,2011-11-20
331552,2011-11-20
331562,2011-11-20
331572,2011-11-06
331582,2011-11-06
331592,2011-11-20
331602,2011-11-06
331612,2011-11-20
331622,2011-12-10
331632,2012-02-26
331642,2011-12-31
331652,2012-01-15
331662,2012-01-15
331672,2012-01-15
331682,2012-02-26
331692,2012-04-21
331712,2012-03-18
331722,2012-04-21
331732,2012-05-26
331742,2012-03-18
331752,2012-03-18
331762,2012-02-18
331772,2012-02-18
331782,2012-02-18
331792,2012-03-24
331812,2012-02-26
331832,2012-02-26
331842,2012-02-26
331852,2012-02-26
331862,2012-02-26
331872,2012-02-26
331882,2012-02-26
331892,2012-02-26
331902,2012-03-10
331912,2012-08-25
331922,2012-03-24
331932,2012-03-18
331942,2012-03-18
331952,2012-03-18
331962,2012-03-18
331972,2012-03-18
331982,2012-03-18
332002,2012-02-26
332012,2012-02-26
332022,2012-02-26
332032,2012-03-10
332052,2012-03-10
332062,2012-03-10
332072,2012-03-10
332082,2012-03-24
332092,2012-03-24
332112,2012-03-18
332122,2012-03-18
332132,2012-03-18
332142,2012-03-18
332152,2012-03-18
332162,2012-04-15
332182,2012-04-01
332192,2012-04-01
332212,2012-04-01
332232,2012-04-01
332242,2012-04-15
332258,2012-02-26
332272,2012-04-14
332282,2012-04-21
332302,2012-02-18
332312,2011-12-10
332322,2012-02-26
332332,2012-04-15
332342,2012-04-15
332352,2012-04-22
332362,2012-04-21
332372,2012-04-21
332382,2012-04-29
332392,2012-04-29
332402,2012-04-15
332412,2012-04-15
332422,2012-04-15
332432,2012-06-10
332442,2012-04-15
332452,2012-04-21
332462,2012-05-06
332482,2012-05-19
332492,2012-05-06
332502,2012-04-28
332512,2012-05-20
332522,2012-06-03
332532,2012-04-29
332542,2012-06-10
332552,2012-04-15
332562,2012-04-29
332572,2012-05-20
332582,2012-05-20
332592,2012-05-20
332602,2012-05-20
332612,2012-05-19
332622,2012-05-19
332642,2013-06-02
332652,2012-05-20
332672,2012-05-26
332682,2012-06-16
332692,2012-05-19
332702,2012-09-16
332722,2012-06-03
332732,2012-06-03
332752,2012-06-23
332762,2012-05-19
332772,2012-06-10
332782,2012-06-10
332792,2012-05-20
332802,2012-06-10
332812,2012-06-10
332822,2012-06-10
332832,2012-06-10
332842,2012-06-10
332852,2012-07-14
332862,2012-04-29
332872,2012-04-29
332882,2012-06-17
332892,2012-06-09
332902,2012-06-16
332912,2012-06-16
332922,2012-06-10
332932,2012-07-20
332952,2012-06-24
332962,2012-06-24
332982,2012-06-22
332992,2012-03-10
333003,2013-05-25
333012,2012-06-22
333013,2013-04-14
333022,2012-06-29
333023,2012-10-27
333032,2012-06-29
333033,2012-11-17
333042,2012-08-05
333043,2012-11-04
333052,2012-06-29
333053,2012-11-04
333062,2012-06-24
333063,2012-11-18
333072,2012-06-23
333073,2012-11-17
333082,2012-02-18
333083,2012-11-11
333092,2012-02-18
333093,2012-11-11
333102,2012-06-24
333105,2013-04-20
333112,2012-06-24
333113,2013-02-10
333122,2012-06-24
333132,2012-07-14
333133,2013-04-14
333143,2013-01-13
333152,2012-07-15
333163,2012-12-30
333165,2015-07-18
333173,2013-03-02
333175,2015-09-20
333183,2012-12-15
333185,2015-08-15
333193,2013-02-10
333202,2012-07-14
333203,2013-03-24
333205,2015-08-15
333212,2013-04-14
333213,2013-02-10
333223,2013-02-10
333232,2012-07-29
333233,2013-02-10
333242,2012-07-28
333243,2013-02-10
333252,2012-07-21
333253,2013-02-10
333262,2012-08-12
333263,2013-02-10
333272,2012-08-12
333273,2013-02-10
333282,2012-08-12
333283,2013-02-10
333293,2013-02-10
333303,2013-02-10
333312,2012-08-18
333313,2012-08-11
333322,2012-08-04
333323,2013-02-10
333333,2013-02-10
333343,2013-02-10
333352,2012-08-25
333353,2013-03-03
333362,2012-08-25
333363,2013-01-20
333372,2012-07-15
333373,2013-01-20
333382,2012-08-25
333383,2013-02-16
333392,2012-08-19
333393,2013-02-16
333402,2012-08-25
333412,2012-06-23
333413,2013-03-03
333422,2012-08-03
333423,2013-04-14
333432,2012-08-25
333433,2013-03-30
333442,2012-08-25
333452,2012-02-18
333453,2013-04-14
333462,2012-08-25
333463,2013-03-02
333472,2012-09-09
333473,2013-02-16
333482,2012-09-15
333483,2013-03-03
333492,2012-09-15
333493,2016-02-21
333502,2012-09-15
333503,2013-02-16
333512,2012-09-15
333513,2013-04-21
333522,2012-09-15
333523,2013-03-24
333532,2012-09-15
333533,2013-03-02
333542,2012-09-15
333543,2013-03-02
333552,2012-09-09
333553,2013-03-02
333563,2013-03-16
333573,2013-03-24
333583,2013-03-24
333592,2012-08-19
333593,2013-03-24
333602,2012-09-09
333603,2013-03-24
333612,2012-09-23
333613,2013-03-24
333622,2012-09-23
333623,2013-03-24
333625,2015-07-18
333632,2012-09-09
333633,2013-03-24
333635,2015-07-18
333643,2013-03-24
333645,2015-07-18
333652,2012-09-22
333653,2013-03-24
333655,2015-07-18
333662,2012-09-22
333663,2013-02-16
333665,2015-07-18
333672,2012-08-04
333673,2013-03-30
333682,2012-09-22
333683,2013-04-27
333692,2013-05-26
333693,2013-04-14
333695,2015-06-12
333703,2013-04-14
333713,2013-03-24
333715,2015-04-26
333722,2014-03-22
333723,2013-04-14
333725,2015-07-11
333732,2013-04-14
333733,2013-04-14
333735,2015-07-26
333743,2013-04-14
333745,2015-07-18
333753,2013-03-24
333755,2015-07-26
333763,2015-05-23
333765,2015-07-18
333773,2013-04-20
333783,2013-04-14
333784,2015-03-21
333785,2015-07-18
333793,2013-04-14
333795,2015-08-23
333803,2013-04-14
333805,2015-07-26
333813,2013-04-14
333815,2015-06-13
333823,2013-04-14
333833,2013-04-14
333843,2013-04-14
333853,2013-04-14
333863,2013-04-20
333873,2013-04-27
333883,2013-04-27
333893,2013-04-27
333903,2013-04-27
333923,2013-04-28
333933,2013-04-28
333943,2013-04-21
333953,2013-04-28
333963,2013-04-28
333973,2013-05-11
333983,2013-05-11
333993,2013-05-19
334003,2013-05-19
334013,2013-05-19
334023,2013-05-19
334033,2013-05-19
334043,2013-05-19
334053,2013-05-19
334063,2013-05-19
334073,2013-05-19
334075,2015-07-25
334083,2013-04-27
334085,2015-08-09
334103,2013-06-09
334123,2013-05-26
334133,2013-05-26
334143,2013-05-26
334153,2013-05-26
334163,2013-05-25
334173,2013-06-02
334183,2013-06-22
334193,2013-03-02
334213,2013-06-08
334223,2013-06-09
334233,2013-06-09
334243,2013-04-21
334253,2013-04-21
334263,2013-04-21
334273,2013-04-21
334283,2013-05-26
334333,2013-10-06
334343,2013-06-15
334353,2013-06-23
334363,2013-06-23
334373,2013-06-29
334393,2013-06-29
334403,2013-06-15
334413,2013-06-15
334423,2013-06-30
334433,2013-06-30
334443,2013-06-30
334453,2013-06-29
334463,2013-06-30
334473,2013-06-30
334483,2013-06-30
334493,2013-06-30
334503,2013-07-07
334513,2013-07-07
334523,2014-08-24
335003,2013-06-02
335005,2015-07-25
335013,2013-07-14
335015,2015-07-25
335023,2013-06-09
335025,2015-03-14
335033,2013-07-14
335035,2015-07-25
335043,2013-04-06
335045,2015-07-25
335053,2013-06-22
335055,2015-08-08
335063,2013-07-13
335065,2015-08-08
335073,2013-03-02
335075,2015-08-09
335083,2013-07-14
335093,2013-07-14
335103,2013-07-14
335113,2013-08-04
335123,2013-05-31
335133,2013-05-11
335143,2013-04-14
335153,2013-02-16
335163,2013-04-27
335173,2013-03-16
335183,2013-05-18
335193,2013-08-25
335203,2013-08-18
335213,2013-08-18
335223,2013-08-18
335233,2013-08-25
335243,2013-08-25
335253,2013-09-08
335263,2013-09-08
335273,2013-09-08
335283,2013-08-31
335293,2013-08-31
335303,2013-08-31
335313,2013-08-31
335323,2013-09-22
335353,2013-09-08
335363,2013-09-29
335373,2013-09-08
335383,2013-08-17
335403,2013-07-14
335413,2013-09-29
335423,2013-09-22
335433,2013-09-22
335443,2013-09-22
335453,2013-09-22
335463,2013-09-22
335473,2013-09-22
335493,2016-07-17
335503,2013-09-29
335513,2013-01-20
335553,2013-10-06
335563,2013-11-10
335573,2013-11-10
335583,2014-02-23
335593,2013-12-07
335614,2013-12-07
335624,2013-12-07
335634,2015-05-31
335644,2018-12-09
335664,2014-01-12
335674,2014-01-12
335684,2013-12-15
335694,2013-12-15
335704,2014-01-26
335714,2014-01-26
335724,2014-02-23
335734,2014-02-23
335744,2014-02-23
335774,2014-02-23
335784,2014-02-23
335794,2014-02-23
335804,2014-02-23
335814,2013-12-15
335824,2014-02-23
335834,2014-02-23
335844,2014-02-23
335854,2014-02-23
335864,2014-02-23
335874,2014-02-23
335884,2014-03-22
335894,2014-03-22
335904,2014-03-22
335914,2014-03-22
335924,2014-03-22
335934,2014-03-16
335944,2014-08-22
335954,2014-03-23
335964,2014-03-23
335974,2014-04-13
335984,2014-03-23
335994,2014-03-23
336004,2014-03-23
336014,2014-03-23
336024,2014-03-30
336034,2014-03-30
336044,2014-03-30
336054,2014-03-30
336064,2014-02-23
336074,2014-03-22
336084,2014-03-22
336094,2014-03-22
336114,2014-03-22
336124,2014-03-22
336144,2014-03-22
336154,2014-03-30
336164,2014-04-13
336174,2014-04-13
336184,2014-04-13
336194,2014-04-27
336204,2014-04-26
336214,2014-04-26
336224,2014-04-26
336234,2014-04-26
336244,2014-04-26
336254,2014-04-26
336264,2014-04-26
336274,2014-04-26
336284,2014-06-27
336294,2014-06-07
336304,2014-04-27
336314,2014-03-30
336324,2014-04-26
336334,2014-04-26
336344,2014-04-26
336364,2014-04-26
336374,2014-04-26
336384,2014-04-13
336404,2014-05-04
336414,2014-05-18
336424,2014-05-18
336434,2014-02-23
336444,2014-05-18
336454,2014-05-17
336464,2014-05-17
336474,2014-05-17
336484,2014-05-23
336494,2014-05-23
336504,2014-05-23
336514,2014-05-23
336524,2014-05-23
336534,2014-05-23
336544,2014-05-23
336554,2014-05-23
336564,2014-05-23
336574,2014-05-23
336584,2014-06-01
336594,2014-06-22
336604,2014-05-30
336614,2014-06-01
336624,2014-06-01
336634,2014-06-01
336644,2014-06-01
336654,2014-06-01
336664,2014-06-22
336674,2014-06-22
336684,2014-05-10
336694,2014-06-27
336704,2014-06-27
336714,2014-06-27
336724,2014-06-27
336734,2014-06-27
336744,2014-06-27
336754,2014-06-27
336764,2014-06-27
336774,2014-06-28
336784,2014-06-28
336794,2014-06-28
336814,2014-05-10
336824,2014-07-05
336834,2014-07-13
336844,2014-07-12
336854,2014-05-10
336864,2014-05-10
336874,2014-05-10
336884,2014-07-12
336894,2014-07-12
336904,2014-07-12
336914,2014-07-12
336924,2014-06-28
336934,2014-07-12
336944,2014-07-12
336954,2014-07-12
336964,2014-05-04
336974,2014-07-12
336984,2014-07-27
336994,2014-07-27
337004,2014-07-20
337014,2014-07-27
337024,2014-08-01
337034,2014-08-01
337054,2014-08-10
337064,2014-08-10
337074,2014-08-09
337084,2014-12-07
337094,2014-08-09
337104,2014-06-28
337114,2014-06-28
337124,2014-08-09
337144,2014-08-09
337154,2014-08-09
337164,2015-07-26
337184,2014-07-12
337204,2014-08-08
337214,2014-08-01
337234,2014-08-08
337244,2014-07-27
337254,2014-08-22
337264,2014-08-15
337274,2014-08-24
337284,2014-08-24
337294,2014-08-24
337304,2014-07-27
337324,2014-08-23
337334,2014-08-29
337344,2014-08-29
337354,2014-08-29
337364,2015-05-03
337384,2015-01-08
337394,2014-08-23
337404,2014-03-22
337414,2014-03-22
337424,2014-09-07
337434,2014-09-07
337444,2014-03-22
337454,2014-09-14
337464,2014-09-13
337474,2014-03-22
337484,2014-08-09
337504,2014-09-13
337514,2014-06-27
337524,2014-09-14
337534,2014-09-13
337544,2014-09-28
337554,2014-09-28
337564,2014-09-21
337574,2015-03-21
337584,2014-11-16
337594,2015-01-11
337604,2014-12-07
337644,2015-03-29
337654,2015-03-29
337664,2014-12-07
337674,2014-10-26
337684,2014-10-26
337694,2014-10-26
337724,2014-11-09
337734,2014-11-09
337744,2014-11-16
337754,2014-11-16
337764,2014-12-21
337774,2014-12-21
337784,2014-12-21
337794,2013-09-28
337804,2014-12-07
337814,2014-12-07
337824,2014-12-07
337834,2014-12-07
337844,2014-12-07
337854,2015-01-08
337865,2015-01-10
337875,2015-01-10
337895,2015-04-19
337915,2015-01-10
337925,2015-01-25
337935,2015-01-25
337945,2015-01-25
337955,2015-01-11
337965,2015-01-08
337975,2015-01-11
337985,2015-01-11
337995,2015-01-11
338015,2015-01-11
338035,2015-02-08
338045,2015-02-15
338055,2015-02-08
338065,2015-02-15
338075,2015-03-01
338085,2015-03-01
338095,2015-03-01
338105,2015-03-01
338115,2015-03-01
338125,2015-03-01
338135,2015-03-01
338145,2015-03-01
338155,2015-03-01
338165,2015-08-15
338185,2015-07-18
338195,2015-03-14
338215,2015-03-14
338225,2015-03-21
338235,2015-03-21
338245,2015-03-21
338255,2015-03-21
338265,2015-03-21
338275,2015-03-21
338285,2015-03-21
338295,2015-03-21
338305,2015-03-29
338315,2015-03-29
338325,2015-03-29
338335,2015-03-21
338345,2015-03-29
338355,2015-03-29
338365,2015-07-26
338375,2015-03-21
338385,2015-03-21
338395,2015-03-07
338405,2015-03-21
338415,2015-03-21
338425,2015-04-04
338435,2015-03-28
338445,2015-03-28
338455,2015-03-29
338465,2015-04-18
338475,2015-03-29
338485,2015-03-29
338495,2015-03-29
338605,2015-05-03
338615,2015-05-03
338625,2015-05-03
338635,2015-05-03
338645,2015-05-03
338655,2015-05-03
338665,2015-04-25
338675,2015-04-25
338685,2015-04-25
338695,2015-05-03
338705,2015-05-24
338715,2015-05-22
338725,2015-05-31
338735,2015-05-31
338745,2015-05-22
338755,2015-05-22
338765,2015-05-22
338775,2016-04-10
338785,2015-05-22
338795,2015-05-22
338805,2015-05-23
338815,2015-05-23
338825,2015-05-31
338835,2016-03-06
338905,2015-05-31
338965,2015-06-07
338975,2015-06-07
338985,2015-06-07
339005,2015-06-13
339035,2015-06-13
339045,2015-06-13
339055,2015-05-24
339085,2015-06-13
339095,2015-06-13
339105,2015-06-13
339205,2015-06-13
339215,2017-09-09
339225,2015-06-12
339395,2015-06-27
339405,2015-06-13
340005,2015-06-06
340015,2005-04-02
340025,2015-06-06
340035,2005-05-28
340115,2015-06-21
340266,2017-02-12
340995,2015-07-18
341005,2016-03-06
341015,2015-08-15
341025,2015-03-21
341185,2015-08-29
341195,2015-06-06
341205,2016-04-23
341215,2015-07-26
341217,2017-02-12
341225,2016-03-06
341235,2015-08-23
341245,2015-08-09
341255,2015-07-12
341265,2016-03-19
341275,2015-07-26
341285,2015-09-13
341295,2015-09-13
341305,2015-09-20
341315,2015-09-20
341325,2015-07-26
341335,2015-09-20
341345,2015-09-20
341355,2015-09-20
341365,2015-09-20
341405,2015-09-27
341415,2015-09-27
341505,2014-12-07
341515,2015-09-27
341575,2015-09-24
341605,2016-05-22
341615,2015-09-26
341985,2015-08-30
341995,2016-03-19
342006,2015-11-08
342016,2016-03-19
342026,2015-11-08
342036,2015-11-08
342046,2016-04-16
342056,2015-11-08
342066,2015-11-08
342076,2015-12-06
342086,2015-12-05
342096,2015-12-05
342106,2015-12-06
342126,2015-12-06
342146,2016-03-06
342156,2015-11-08
342166,2016-03-19
342176,2016-03-19
342196,2016-03-19
342206,2015-12-06
342216,2015-12-06
342226,2016-02-21
342236,2016-02-21
342256,2015-12-13
342266,2016-02-26
342276,2016-02-21
342296,2016-08-21
342306,2016-02-21
342316,2016-03-19
342326,2016-02-26
342356,2016-02-26
342406,2016-03-06
342416,2016-03-06
342426,2016-03-06
342446,2016-07-09
342456,2016-03-06
342476,2016-03-06
342486,2016-03-19
342496,2016-03-06
342506,2016-03-06
342516,2016-03-05
342526,2016-03-06
342536,2016-03-06
342546,2016-03-06
342556,2016-03-06
342576,2016-06-11
342586,2016-03-19
342596,2016-03-19
342606,2016-04-29
342616,2016-04-03
342626,2016-05-01
342636,2016-03-19
342646,2016-03-19
342656,2016-04-23
342666,2016-06-26
342676,2016-04-02
342686,2016-06-11
342696,2016-04-03
342706,2016-04-02
342716,2016-04-02
342736,2016-04-02
342746,2016-04-16
342766,2016-04-24
342776,2016-04-17
342786,2016-05-01
342796,2016-04-24
342806,2016-04-24
342816,2016-04-24
342826,2016-04-24
342836,2016-04-24
342846,2016-04-17
342856,2016-04-10
342866,2016-02-21
342876,2016-04-10
342886,2016-04-17
342896,2016-04-17
342976,2016-04-10
342986,2016-04-10
342996,2016-04-10
344016,2016-04-24
344026,2016-04-24
344036,2016-04-24
344046,2016-04-24
344056,2016-04-24
344086,2016-04-29
344096,2016-04-29
344106,2016-06-11
344126,2016-05-01
344136,2016-05-01
344146,2016-04-30
344156,2016-04-30
344166,2016-04-30
344176,2016-04-30
344186,2016-04-30
344206,2016-05-27
344226,2016-07-17
344236,2016-09-18
344246,2016-05-08
344256,2016-05-08
344266,2016-05-01
344276,2016-06-11
344306,2016-05-15
344316,2016-04-23
344326,2016-04-23
344336,2016-04-23
344346,2016-04-23
344356,2016-05-21
344366,2016-06-19
344376,2016-07-17
344386,2016-07-17
344396,2017-06-10
344406,2016-05-15
345016,2016-05-07
345026,2016-05-07
345036,2016-04-30
345046,2016-09-11
345056,2016-05-22
345066,2016-05-28
345916,2016-05-22
346006,2016-05-27
346016,2016-05-21
346026,2016-05-21
346036,2016-05-28
346046,2016-08-14
346066,2016-05-28
346076,2016-08-14
346086,2016-05-28
346096,2016-05-29
346106,2016-05-29
346136,2016-06-05
346156,2016-06-05
346176,2016-06-04
346186,2016-06-04
346196,2016-06-11
346206,2016-06-11
346216,2016-06-11
346226,2016-06-11
346236,2016-06-11
346246,2016-03-19
346256,2016-05-21
346286,2016-06-25
346296,2016-06-11
346306,2016-06-25
346316,2016-06-26
346326,2016-06-26
346336,2016-06-26
346356,2016-07-17
346366,2016-06-19
346376,2016-06-19
346386,2016-07-17
346396,2016-07-10
346406,2016-08-13
346416,2016-07-24
346426,2016-06-25
346436,2016-03-19
346446,2016-07-24
346456,2016-07-24
346556,2016-07-24
346566,2016-07-24
346576,2017-03-25
346586,2016-07-23
346596,2016-08-06
346606,2016-11-20
346616,2016-08-06
346626,2016-07-09
346636,2016-07-09
346656,2016-07-31
346666,2016-07-31
346676,2016-05-28
346686,2016-08-14
346696,2016-08-14
346706,2016-08-14
346716,2016-08-14
346726,2016-08-14
346736,2016-08-20
346746,2016-08-21
346756,2018-03-25
346766,2016-08-28
346776,2016-08-27
346786,2016-05-28
346806,2017-04-30
346816,2016-07-31
346826,2016-07-31
346836,2016-09-11
346846,2016-07-31
346856,2016-06-04
346866,2017-04-23
346876,2016-09-11
346886,2016-05-28
346896,2016-05-28
346906,2016-05-28
346916,2016-05-21
346926,2016-09-11
346936,2016-09-11
346946,2016-05-21
346956,2016-05-21
346966,2016-08-07
346976,2016-05-21
346986,2016-08-06
346996,2016-08-07
347006,2016-09-11
347016,2016-05-28
347026,2016-09-17
347036,2016-09-18
347046,2016-09-18
347056,2016-09-25
347066,2016-09-10
347076,2016-09-11
347086,2016-08-14
347096,2016-10-02
347106,2016-10-01
347116,2016-10-01
347126,2016-10-01
347127,2017-06-10
347136,2016-10-01
347146,2016-10-02
347156,2016-10-02
347166,2016-10-01
347176,2016-10-01
347186,2016-10-02
347206,2017-06-10
347307,2017-04-23
347317,2016-12-11
347327,2016-12-11
347337,2016-10-23
347347,2016-10-29
347357,2016-10-29
347367,2016-10-29
347377,2016-10-29
347807,2016-11-20
347827,2017-02-12
347837,2017-12-09
347847,2016-11-05
347857,2016-11-05
347867,2016-11-05
347877,2016-11-05
347887,2016-11-20
347897,2016-11-20
347907,2016-11-20
347917,2016-11-20
347927,2016-11-20
347937,2016-12-04
347947,2016-12-04
347957,2016-11-20
347967,2016-12-04
347977,2016-11-20
349017,2017-01-07
349027,2017-01-07
349037,2017-01-07
349047,2017-01-07
349057,2017-01-07
349067,2017-01-07
349077,2017-01-07
349087,2017-03-18
349097,2020-07-18
349107,2017-04-09
349117,2017-02-05
349137,2017-07-15
349147,2017-04-29
349157,2017-08-06
349167,2017-06-25
349177,2017-07-29
349187,2017-02-05
349207,2017-02-12
349267,2017-02-12
349277,2017-04-02
349282,2018-02-18
349287,2016-12-04
349297,2017-02-12
349317,2017-02-12
350114,2004-08-07
350224,2004-09-25
350304,2004-10-10
350314,2004-10-10
350344,2004-10-17
360065,2005-07-24
360075,2005-07-24
360095,2005-10-02
360109,2009-07-10
390016,2006-04-02
390017,2006-12-17
390018,2018-05-06
390019,2009-03-08
390026,2006-04-02
390027,2006-12-17
390029,2009-03-08
390036,2006-04-02
390037,2006-12-17
390038,2008-03-09
390039,2009-03-08
390046,2006-04-02
390047,2007-03-04
390048,2008-04-12
390049,2009-03-08
390056,2006-04-02
390057,2007-03-31
390058,2008-04-12
390059,2009-03-08
390066,2006-04-02
390068,2008-04-13
390069,2009-03-08
390076,2006-07-02
390077,2007-04-14
390078,2008-04-12
390096,2006-09-09
390098,2008-04-13
390099,2009-04-26
390106,2006-09-17
390108,2008-04-13
390109,2009-04-26
390110,2010-03-07
390116,2006-09-17
390118,2008-05-03
390119,2009-04-26
390127,2007-04-29
390128,2008-06-22
390129,2009-04-26
390138,2008-06-22
390139,2009-04-26
390148,2008-06-29
390149,2009-04-26
390157,2007-04-29
390158,2008-07-13
390168,2008-06-27
390178,2008-07-13
390188,2008-07-13
390198,2008-09-07
390208,2008-09-06
390209,2009-07-18
390210,2010-03-07
390219,2009-08-01
390229,2009-08-16
390239,2009-08-16
390249,2009-08-16
390259,2009-08-23
390269,2009-08-23
390279,2009-08-23
390289,2009-08-23
390299,2009-08-23
390309,2009-08-23
390310,2010-03-07
390319,2009-08-23
390329,2009-10-17
390339,2009-10-17
390349,2009-10-17
390359,2009-10-17
390369,2009-10-17
390410,2010-03-07
390510,2010-03-07
390610,2010-03-07
390810,2010-04-11
390910,2010-04-11
391010,2010-04-11
391110,2010-04-24
391810,2010-05-02
391910,2010-05-02
392810,2010-07-10
393010,2010-07-10
393110,2010-07-18
393210,2010-10-02
393310,2010-10-02
399554,2004-06-05
399775,2015-07-12
399785,2016-04-10
399795,2015-07-11
399825,2015-07-11
399915,2015-07-12
399985,2015-07-12
399991,2019-12-08
399995,2015-06-13
400026,2006-05-28
400036,2006-05-28
400046,2006-05-28
400056,2006-05-28
400066,2006-05-28
400076,2006-05-28
400096,2006-06-17
400106,2006-06-17
400116,2006-06-17
400146,2006-06-17
400156,2006-06-17
400166,2006-06-17
400176,2006-06-17
400186,2006-06-17
400206,2006-06-25
400216,2006-06-25
400226,2006-08-12
400236,2006-08-27
400246,2007-05-27
400256,2007-05-27
400266,2007-06-03
400276,2007-09-30
400357,2007-08-12
400367,2007-08-12
400387,2007-08-12
400397,2007-08-12
400407,2007-08-12
400417,2007-08-12
400427,2007-08-12
400437,2007-08-12
400448,2008-04-05
400456,2007-06-23
400458,2008-05-17
400468,2008-09-20
400478,2008-09-21
400489,2009-05-16
400499,2009-05-16
400500,2010-05-22
400510,2010-05-22
400521,2011-07-24
456786,2016-02-21
471016,2016-06-25
522518,2010-03-27
700000,2021-09-18
700001,2022-04-30
700003,2021-09-18
700004,2021-09-18
700005,2021-09-18
700006,2021-09-18
700008,2022-05-14
700011,2022-05-14
700012,2021-09-18
700015,2021-09-18
700016,2021-12-04
700017,2021-09-18
700018,2021-09-18
700019,2021-09-18
700020,2021-09-18
700021,2021-11-06
700022,2021-04-10
700024,2021-09-26
700025,2022-01-15
700028,2021-09-26
700031,2021-10-16
700032,2021-10-16
700033,2021-11-20
700034,2022-05-14
700035,2022-07-03
700036,2021-10-16
700037,2021-10-16
700038,2021-10-16
700039,2021-10-16
700040,2021-10-16
700041,2021-10-16
700042,2021-10-16
700043,2021-10-16
700045,2021-10-16
700046,2021-10-16
700047,2021-10-16
700048,2021-10-16
700049,2021-10-16
700050,2021-10-16
700053,2021-11-20
700054,2021-10-30
700055,2021-10-30
700056,2021-10-30
700057,2021-10-30
700058,2021-11-13
700059,2022-04-30
700060,2021-10-30
700061,2022-05-29
700062,2021-10-30
700064,2021-10-30
700065,2021-11-20
700066,2021-10-30
700067,2022-04-03
700071,2021-11-21
700072,2021-11-20
700073,2021-11-06
700074,2021-11-06
700075,2021-11-20
700076,2021-11-20
700079,2021-11-06
700080,2021-11-20
700082,2021-11-28
700084,2021-11-28
700085,2021-12-12
700086,2021-11-06
700087,2021-12-12
700088,2021-11-06
700091,2022-01-01
700092,2022-01-15
700093,2022-01-16
700094,2021-11-27
700096,2022-01-15
700097,2022-01-15
700098,2022-01-15
700099,2022-01-15
700100,2022-01-15
700101,2022-01-15
700102,2022-01-15
700103,2022-01-15
700104,2022-01-15
700105,2022-01-15
700107,2022-01-15
700108,2021-11-27
700109,2021-11-27
700110,2024-02-10
700111,2021-11-27
700113,2022-03-06
700114,2022-01-01
700115,2021-11-27
700116,2022-02-05
700117,2022-12-18
700118,2022-02-05
700120,2022-02-05
700121,2022-03-06
700122,2022-04-10
700123,2022-05-21
700124,2022-05-14
700125,2024-03-09
700128,2022-05-14
700129,2022-04-03
700130,2022-03-19
700131,2022-01-01
700133,2022-03-12
700136,2021-11-20
700137,2022-03-20
700138,2022-03-20
700139,2021-10-30
700140,2022-04-09
700141,2022-07-24
700142,2022-03-12
700143,2022-03-12
700144,2022-03-12
700145,2022-03-12
700146,2022-05-22
700147,2022-01-01
700150,2021-11-06
700151,2022-04-03
700153,2022-04-30
700154,2022-05-28
700155,2022-03-20
700156,2022-03-19
700158,2022-03-26
700159,2022-03-20
700160,2022-06-04
700161,2022-03-27
700162,2022-07-01
700166,2022-03-26
700169,2022-03-27
700171,2021-12-04
700172,2022-04-03
700173,2022-04-02
700174,2022-04-03
700175,2022-04-30
700176,2022-04-16
700177,2022-06-26
700178,2022-03-27
700179,2022-03-27
700180,2022-07-17
700182,2022-03-13
700183,2022-03-13
700184,2022-03-13
700185,2022-03-27
700186,2022-03-27
700187,2023-04-16
700188,2022-04-02
700189,2022-03-13
700191,2022-04-23
700193,2022-04-09
700194,2022-04-03
700195,2022-04-09
700196,2022-04-09
700198,2022-04-09
700199,2022-04-10
700200,2022-04-10
700202,2022-04-10
700203,2022-04-16
700204,2022-04-16
700205,2022-04-09
700206,2022-04-24
700207,2022-04-17
700208,2022-05-07
700209,2018-11-18
700210,2022-05-07
700211,2022-04-24
700212,2022-08-07
700213,2022-05-15
700214,2022-04-23
700215,2022-05-07
700216,2022-01-15
700218,2022-04-30
700219,2022-04-30
700220,2022-11-13
700221,2022-06-10
700223,2024-04-20
700224,2021-10-30
700226,2022-06-11
700227,2022-05-15
700228,2022-04-30
700229,2022-05-29
700231,2022-08-21
700232,2022-08-21
700233,2022-04-30
700236,2022-05-07
700237,2022-04-30
700238,2022-05-14
700239,2022-05-29
700240,2022-04-30
700241,2022-05-14
700242,2022-04-30
700243,2022-09-24
700244,2022-05-29
700245,2022-05-14
700246,2022-05-07
700247,2022-04-24
700248,2022-05-14
700249,2022-04-24
700250,2022-05-15
700252,2022-05-14
700253,2022-07-23
700254,2022-05-15
700255,2022-06-11
700256,2022-05-14
700257,2022-05-14
700259,2022-05-14
700260,2022-05-14
700261,2022-05-01
700262,2021-11-28
700263,2022-06-11
700264,2022-03-19
700265,2022-03-19
700266,2022-05-14
700267,2022-05-21
700268,2022-05-21
700269,2022-06-11
700270,2022-05-22
700271,2022-05-21
700272,2022-03-27
700273,2022-07-16
700275,2021-11-20
700276,2021-11-20
700278,2021-11-20
700281,2022-05-21
700282,2022-04-03
700284,2022-05-21
700285,2022-01-01
700287,2022-05-21
700288,2022-05-07
700289,2022-05-29
700290,2022-05-29
700291,2021-12-12
700292,2022-06-11
700293,2022-08-27
700294,2022-06-04
700295,2022-06-11
700297,2022-06-10
700298,2022-06-11
700299,2022-06-12
700302,2022-05-21
700304,2022-06-11
700305,2022-06-11
700307,2022-06-11
700308,2022-06-26
700311,2022-08-20
700312,2021-12-05
700315,2022-06-26
700316,2022-05-14
700317,2022-05-14
700318,2022-06-11
700319,2021-11-20
700320,2022-07-03
700321,2022-06-12
700322,2022-05-01
700323,2022-03-13
700324,2022-06-25
700325,2023-02-18
700326,2022-06-25
700327,2022-06-26
700328,2022-07-24
700331,2021-10-30
700332,2023-08-27
700333,2022-07-03
700334,2022-07-16
700335,2022-05-21
700336,2023-05-28
700337,2022-12-18
700340,2022-06-26
700343,2022-07-09
700344,2023-06-10
700345,2022-06-25
700346,2022-07-24
700347,2022-06-25
700348,2022-08-07
700350,2022-06-25
700351,2022-08-07
700352,2022-07-24
700355,2022-07-09
700356,2022-07-10
700357,2022-04-02
700359,2022-06-04
700360,2022-07-16
700361,2022-07-24
700363,2022-07-09
700364,2022-06-04
700365,2022-08-14
700368,2022-07-23
700370,2022-01-01
700371,2022-07-24
700373,2023-05-06
700374,2022-04-30
700377,2022-11-27
700378,2022-07-24
700381,2022-01-01
700388,2022-08-14
700389,2022-08-13
700390,2021-11-20
700392,2023-07-08
700393,2022-08-13
700395,2022-08-13
700396,2022-04-09
700399,2023-05-06
700402,2022-09-04
700403,2022-08-20
700404,2022-08-20
700405,2022-11-27
700406,2022-08-20
700407,2022-05-22
700410,2022-08-07
700411,2022-06-26
700412,2022-08-28
700413,2022-08-27
700415,2021-11-20
700416,2022-05-21
700417,2022-01-22
700418,2022-05-21
700420,2022-08-27
700421,2021-11-06
700422,2022-09-03
700423,2022-09-11
700424,2022-08-28
700425,2022-08-27
700426,2022-08-28
700427,2022-01-01
700428,2022-08-27
700429,2022-08-27
700430,2022-01-01
700431,2022-09-17
700432,2021-12-05
700433,2022-04-30
700434,2022-08-21
700436,2022-09-11
700437,2022-08-13
700438,2022-11-19
700439,2022-06-26
700440,2021-12-04
700441,2022-03-19
700443,2023-04-01
700444,2022-09-18
700445,2022-10-09
700446,2024-08-31
700447,2023-11-18
700448,2022-08-28
700449,2023-04-29
700450,2022-10-29
700451,2022-10-29
700453,2022-10-30
700455,2022-10-29
700456,2022-10-29
700457,2022-10-29
700458,2022-10-29
700459,2023-04-30
700461,2023-04-22
700462,2023-04-29
700463,2023-04-29
700464,2022-11-27
700465,2023-04-22
700466,2023-03-18
700469,2022-12-18
700470,2022-12-18
700471,2023-08-19
700475,2023-05-27
700476,2023-08-05
700477,2023-04-01
700478,2023-01-15
700479,2023-01-15
700480,2023-01-15
700481,2022-11-19
700482,2023-07-23
700483,2023-03-18
700484,2023-01-15
700485,2023-04-08
700486,2023-04-22
700488,2023-03-26
700489,2023-03-26
700490,2023-03-18
700494,2023-09-17
700495,2023-02-04
700497,2023-03-05
700499,2023-04-22
700502,2023-03-26
700503,2022-11-20
700504,2023-01-15
700505,2023-03-11
700507,2023-02-05
700509,2023-03-18
700511,2018-12-09
700512,2023-04-01
700514,2023-02-04
700515,2023-02-12
700516,2023-02-12
700517,2023-01-15
700518,2023-01-22
700520,2022-11-06
700521,2023-03-18
700522,2023-01-15
700523,2023-03-05
700526,2023-10-08
700527,2023-10-21
700528,2023-04-01
700529,2023-04-16
700530,2023-02-18
700531,2023-01-15
700532,2023-04-16
700533,2023-06-10
700535,2024-09-22
700537,2023-02-04
700538,2023-04-22
700539,2023-03-18
700540,2023-03-26
700542,2023-05-06
700543,2023-03-26
700545,2023-07-28
700548,2023-04-22
700551,2023-06-24
700552,2023-09-09
700553,2023-05-28
700554,2023-04-22
700555,2023-04-22
700556,2024-03-09
700557,2023-03-26
700558,2023-03-26
700560,2023-03-26
700561,2023-03-26
700562,2023-03-26
700563,2023-02-04
700564,2023-07-23
700566,2023-04-01
700567,2023-04-01
700568,2023-04-01
700569,2023-04-01
700570,2023-04-01
700571,2023-04-01
700573,2023-07-23
700575,2023-03-26
700576,2021-06-27
700577,2023-06-17
700578,2023-05-13
700579,2023-05-06
700580,2023-04-08
700582,2023-04-29
700583,2023-04-22
700584,2023-04-22
700585,2023-04-22
700587,2023-07-28
700588,2023-04-22
700589,2023-04-22
700590,2023-04-22
700591,2023-04-22
700592,2023-04-22
700594,2023-04-09
700596,2023-03-11
700599,2023-04-22
700600,2023-05-21
700601,2023-05-06
700602,2023-04-30
700603,2022-10-30
700604,2023-05-20
700605,2023-04-29
700606,2023-04-29
700607,2023-04-29
700608,2023-05-13
700610,2023-02-05
700611,2023-04-02
700612,2023-05-14
700613,2023-05-13
700614,2023-05-06
700615,2023-03-26
700617,2023-05-06
700618,2023-05-06
700620,2023-05-28
700623,2023-05-13
700625,2023-05-13
700626,2023-05-13
700627,2023-05-13
700628,2023-05-13
700629,2023-05-06
700630,2023-05-13
700631,2023-05-07
700632,2023-05-27
700635,2023-06-10
700636,2023-06-10
700637,2023-06-10
700638,2024-04-07
700639,2023-04-30
700640,2023-06-10
700642,2023-06-17
700643,2023-05-13
700644,2023-06-25
700645,2023-06-25
700646,2023-06-24
700648,2023-07-08
700649,2023-07-15
700650,2023-06-10
700651,2023-07-09
700652,2023-07-09
700655,2023-07-16
700656,2023-07-16
700657,2023-07-15
700658,2023-07-16
700659,2023-07-28
700660,2023-07-16
700661,2023-07-28
700663,2023-07-28
700665,2023-07-28
700666,2023-07-28
700667,2023-07-28
700669,2023-07-23
700671,2023-07-23
700673,2023-07-15
700674,2023-07-28
700676,2023-01-15
700678,2024-07-14
700681,2023-08-06
700683,2023-11-18
700684,2023-08-05
700685,2023-08-12
700687,2023-07-23
700690,2023-08-19
700691,2023-08-19
700692,2023-08-19
700694,2023-04-08
700695,2023-08-27
700700,2023-09-24
700702,2023-09-09
700703,2023-09-09
700704,2023-08-27
700705,2025-10-25
700707,2023-08-27
700709,2023-09-16
700712,2023-09-16
700713,2023-09-30
700714,2023-09-24
700715,2023-09-24
700716,2023-08-19
700717,2023-09-30
700720,2023-10-28
700722,2023-09-30
700723,2023-09-30
700724,2023-01-15
700725,2024-02-24
700726,2023-10-28
700727,2023-10-28
700732,2023-10-28
700733,2023-11-25
700734,2023-11-25
700735,2023-10-28
700736,2023-10-28
700737,2023-10-28
700738,2024-03-09
700739,2023-11-11
700740,2023-11-11
700741,2023-11-11
700742,2023-11-11
700744,2023-11-11
700745,2024-04-20
700746,2024-07-20
700747,2023-11-25
700749,2024-06-02
700750,2023-12-03
700754,2024-06-02
700755,2023-12-03
700756,2023-12-03
700757,2024-04-20
700758,2023-12-09
700761,2023-12-09
700763,2024-06-08
700764,2023-12-03
700765,2023-12-03
700766,2023-11-11
700767,2024-03-10
700768,2025-11-22
700769,2024-02-10
700771,2024-01-06
700772,2024-01-13
700774,2024-04-06
700775,2024-04-20
700777,2024-05-05
700778,2024-02-10
700779,2024-02-25
700780,2024-02-10
700781,2024-02-24
700786,2024-02-17
700787,2024-02-24
700788,2024-03-09
700789,2024-02-24
700790,2024-02-24
700791,2024-02-24
700792,2024-03-23
700793,2024-02-24
700794,2024-02-24
700795,2024-02-24
700796,2024-02-24
700797,2024-02-24
700798,2024-02-24
700800,2024-02-24
700801,2024-04-06
700802,2024-03-30
700803,2024-03-03
700805,2024-03-03
700806,2024-03-23
700807,2024-04-20
700808,2024-03-09
700809,2024-03-09
700811,2024-03-09
700813,2024-04-28
700814,2024-03-31
700815,2024-06-02
700820,2024-02-24
700821,2024-02-24
700822,2024-03-03
700823,2024-03-23
700824,2024-03-23
700825,2024-03-23
700826,2024-03-23
700827,2024-03-23
700828,2024-03-24
700829,2024-03-09
700830,2024-03-10
700831,2024-03-10
700834,2024-04-06
700835,2024-03-31
700836,2024-06-08
700838,2024-03-31
700839,2024-03-24
700840,2024-06-08
700841,2024-03-09
700842,2024-03-10
700843,2024-04-06
700844,2024-04-06
700845,2024-04-06
700846,2024-04-06
700847,2024-08-10
700848,2024-04-06
700852,2024-04-06
700853,2024-04-06
700854,2024-04-06
700856,2024-04-06
700858,2024-04-20
700859,2024-04-20
700860,2024-04-27
700862,2024-04-28
700863,2024-04-07
700864,2024-05-18
700865,2024-04-20
700866,2024-04-14
700867,2024-05-04
700868,2024-05-04
700869,2024-05-04
700870,2024-05-11
700871,2024-05-19
700872,2024-05-18
700873,2024-04-28
700874,2024-04-28
700875,2024-06-02
700876,2024-06-02
700877,2024-04-20
700878,2024-04-20
700879,2024-04-20
700880,2024-08-31
700881,2024-04-21
700883,2024-05-18
700884,2024-05-19
700885,2024-07-06
700886,2024-06-01
700887,2024-04-28
700888,2024-05-18
700889,2024-05-25
700890,2024-06-01
700891,2024-06-01
700892,2024-06-02
700893,2024-06-02
700894,2024-06-08
700895,2024-06-08
700896,2024-06-08
700897,2024-06-22
700899,2024-06-29
700900,2024-06-29
700901,2024-06-29
700902,2024-07-06
700903,2024-07-27
700904,2024-07-14
700905,2024-08-03
700906,2024-07-27
700907,2024-08-10
700908,2024-07-20
700910,2024-08-03
700911,2025-06-28
700912,2024-08-10
700913,2024-08-10
700914,2024-08-18
700915,2024-08-18
700916,2024-08-18
700917,2024-09-01
700918,2024-08-18
700919,2024-08-10
700920,2024-08-10
700921,2024-08-24
700923,2024-08-24
700924,2024-09-21
700926,2024-09-01
700927,2024-09-01
700928,2024-09-07
700932,2024-09-21
700934,2024-09-01
700935,2025-09-20
700936,2025-04-19
700940,2024-11-24
700941,2025-07-06
700942,2024-11-24
700944,2025-05-10
700945,2025-05-24
700949,2025-03-08
700950,2025-06-01
700952,2025-06-29
700953,2025-04-19
700955,2025-06-28
700956,2025-03-30
700958,2025-05-10
700960,2025-03-30
700961,2025-09-02
700962,2025-08-02
700964,2025-04-05
700965,2025-04-05
700966,2025-05-03
700967,2025-04-05
700968,2025-05-03
700970,2025-06-14
700973,2025-04-19
700974,2025-04-19
700975,2025-08-02
700976,2025-05-03
700978,2025-04-19
700979,2025-05-03
700981,2025-05-17
700982,2025-05-17
700983,2025-03-30
700984,2025-05-10
700986,2025-03-30
700987,2025-04-26
700988,2025-05-03
700989,2025-05-03
700990,2025-06-01
700991,2025-06-22
700992,2025-03-30
700993,2025-03-30
700994,2026-01-17
700995,2025-06-22
700996,2025-04-26
700997,2025-05-17
700998,2025-09-17
700999,2025-07-19
701000,2025-06-28
701001,2025-06-08
701002,2025-06-01
701003,2025-04-19
701004,2025-05-17
701005,2025-09-06
701008,2025-05-18
701010,2025-06-14
701012,2025-03-30
701013,2025-06-14
701014,2025-06-14
701015,2025-03-30
701016,2025-03-30
701017,2025-03-30
701018,2025-09-21
701019,2025-06-24
701020,2025-06-24
701021,2025-05-18
701022,2025-06-08
701023,2025-06-21
701025,2025-09-26
701027,2025-06-14
701028,2025-06-14
701030,2025-06-22
701031,2025-06-22
701032,2025-06-28
701033,2025-06-28
701035,2025-08-16
701036,2025-03-30
701037,2025-07-12
701038,2025-07-18
701039,2025-07-18
701040,2025-07-19
701041,2025-06-24
701042,2025-06-24
701044,2025-07-19
701045,2025-07-19
701046,2025-07-19
701047,2025-07-19
701051,2025-08-09
701052,2025-07-26
701053,2025-09-26
701054,2025-08-10
701056,2025-08-02
701057,2025-07-15
701058,2025-10-09
701059,2025-09-28
701060,2025-07-20
701061,2025-07-27
701062,2025-07-27
701063,2025-08-10
701064,2025-08-10
701068,2025-08-23
701069,2025-10-05
701070,2025-08-23
701072,2025-08-24
701073,2025-08-24
701074,2025-08-24
701079,2025-08-16
701080,2025-08-31
701084,2025-09-06
701086,2025-11-15
701087,2025-09-13
701088,2025-09-20
701089,2025-09-20
701090,2025-09-20
701091,2025-09-21
701092,2025-10-04
701093,2025-10-11
701094,2026-01-03
701095,2025-10-25
701096,2025-11-22
701097,2026-01-03
701099,2025-10-25
701102,2025-11-15
701103,2025-11-29
701104,2025-11-03
701106,2025-11-22
701107,2025-11-30
701108,2025-11-30
701109,2025-11-15
701110,2025-11-22
701111,2025-11-22
701112,2025-11-30
701113,2025-11-30
701116,2026-01-03
701118,2026-01-04
701121,2026-01-17
701127,2026-02-07
701129,2026-02-07
799998,2021-10-16
799999,2021-10-30
800001,2021-07-17
800002,2021-07-17
800003,2017-11-19
800004,2018-05-19
800005,2018-03-17
800006,2018-04-08
800007,2018-03-10
800008,2018-07-07
800009,2018-03-10
800010,2017-11-19
800011,2017-11-19
800012,2017-11-19
800013,2018-04-08
800014,2017-11-19
800015,2004-05-01
800016,2018-05-19
800017,2018-04-08
800018,2018-07-07
800019,2004-04-03
800020,2018-03-10
800021,2018-03-17
800022,2018-03-10
800023,2018-07-07
800024,2018-03-10
800025,2018-04-08
800026,2017-11-19
800027,2018-04-08
800028,2018-05-19
800029,2018-03-10
800030,2018-04-08
800031,2004-05-01
800032,2018-03-25
800033,2018-03-10
800034,2018-04-08
800035,2004-04-03
800036,2004-06-05
800037,2018-03-10
800038,2018-07-07
800039,2018-03-17
800040,2018-03-10
800041,2018-03-10
800042,2018-04-08
800043,2018-03-10
800044,2018-07-07
800045,2004-04-23
800046,2018-03-10
800047,2018-03-10
800048,2017-11-19
800049,2018-07-07
800050,2018-03-10
800051,2018-03-10
800052,2017-11-19
800053,2018-04-08
800054,2018-03-17
800055,2017-11-19
800056,2018-07-07
800057,2018-03-17
800058,2018-07-07
800059,2018-03-10
800060,2017-11-19
800061,2018-03-10
800062,2018-04-08
800063,2018-03-10
800064,2018-03-25
800065,2017-11-19
800066,2018-03-10
800067,2018-03-10
850003,2021-07-17
850004,2021-07-17
850005,2021-07-17
850006,2021-07-17
850007,2021-07-17
850008,2021-07-18
850009,2021-07-30
850010,2021-07-30
850011,2021-07-30
850012,2021-07-30
850013,2021-08-01
850014,2021-08-15
850015,2021-08-15
850016,2021-08-29
850017,2021-08-29
908070,2012-03-24
908071,2012-04-29
908072,2013-04-21
908073,2012-04-01
908075,2015-03-29
909990,2011-05-22
910459,2010-03-13
911001,2013-05-19
911004,2011-05-22
921002,2013-02-10
931003,2013-02-10
988197,2017-02-12
988207,2017-03-18
991474,2016-06-11
998206,2016-06-11
999146,2017-06-17
999158,2018-08-04
999182,2021-08-14
999184,2022-03-26
999186,2017-07-15
999196,2017-06-04
